,comment,Label
1501,Pusing liatnya,negatif
478,@astrit_rabeca nanti kasi tau aku di skul,netral
452,Awas jatoh mba,negatif
1907,Mas abi gantengggðŸ¥ºðŸ˜,positif
2213,Caption : Awkarin bobo di awan,netral
459,@lestariagustin4 mba lu kangen makan ini ga,positif
602,aku anak indomie kakak .. gak ngerti jadinya,netral
1097,Nanti kita otw ya @b.mustika06,positif
723,@riadwisas hayu ke Jogja lagi,positif
1976,Bidadarikuâ¤ï¸,positif
1879,ðŸ™ŒðŸ™ŒðŸ™Œ,positif
1784,destinasi selanjutnya ke Semarang kak,positif
1027,Haykak'kamiMenjual{followerscekâœ…ðŸ‘ˆ,netral
557,Karin del rey?!,netral
899,deket rumahðŸ˜„ pesen dulu tinggal pulang hehehe,positif
532,Next destinasi jun @nanajuniati,positif
191,Merapi tak pernah ingkar janji ðŸ‘,positif
289,@tim_jurnalrisa ðŸ”¥,netral
1063,Dih ketemu ginian malemÂ²ðŸ˜¢,negatif
2219,"Your taste of MAN this time, didnâ€™t fails usðŸ˜­",netral
1106,Recommended banget tu kaa,positif
1665,sedep bgt sih mas abi,netral
722,"pusing bgt ngeliatnya, gatau kenapaðŸ¥²",negatif
1161,@haradalah Akg skuy?,positif
1754,Takut,negatif
1882,Ank indihom silahkan,positif
1422,Jadi kangen makan di angkringan ðŸ¤¤,positif
582,@indrinoviyyy,positif
1426,ðŸ˜ªðŸ’“,netral
978,ðŸ”¥ðŸ”¥ðŸ”¥,positif
2180,Yu mas abi yu mulai chubby yuðŸ˜‚ðŸ˜,netral
1454,@tim_jurnalrisa @sarawijayanto,positif
1902,â¤ï¸,positif
991,Anak Indihome pasti liat sesuatu yg janggal,negatif
206,Oh noooo pengeeeen,positif
1894,Auto ngibrittðŸš´â€â™€ï¸ðŸš´â€â™€ï¸,negatif
1628,MIRIPP,positif
579,@miisdaa @umm_rafaaa @nisa_wa9,positif
728,Duyung putriiðŸ’›ðŸ’›ðŸ’›,positif
2143,nunggunya 2jamðŸ™ƒðŸ‘‹ðŸ» byee,negatif
757,Wirausaha be like : tempat yang strategisðŸ˜,positif
1986,ðŸ’›,netral
1676,cocokkkkkkkkkkkkkkk sekali:(,positif
2194,@natasya_fadia10,positif
1788,Keren bgttðŸ˜­ðŸ˜­ðŸ˜,positif
1140,ðŸ˜ðŸ˜ðŸ˜ðŸ˜,netral
1180,kak @awkarin  ke Gorontalo dongðŸ˜­ðŸ˜­,positif
422,Bidadari bukan nihâ¤ï¸,positif
1073,Kuy @rayinugraha,positif
133,Udah lah cocokðŸ˜¬,positif
1741,kenter >> klenter,netral
893,@sarawijayanto @diarymisterisara,positif
2259,Cuma kamu yg ingkar janji!,negatif
1453,Mantul ka kari ðŸ˜â¤ï¸â¤ï¸â¤ï¸,positif
2170,Mas abi uuuuuu ðŸ’•ðŸ˜‚,positif
581,Gus @reyaz_mubarak mantabbbðŸ˜œðŸ˜œ,positif
930,Enak......ðŸ˜‹ðŸ˜‹,positif
453,Pulang dari sini kujamin diriku lngsung demam,negatif
806,@diarycewekindigo,positif
687,Kayak pernah d pkk syuting dms,positif
575,Demi apapun serem bgt,negatif
11,ini rumah yang pernah dipake dms ga si,netral
1192,Ini asli bikin pusing,negatif
1301,Slide terakhir paling bikin merinding sihðŸ˜®,negatif
322,@tim_jurnalrisa,positif
529,â¤ï¸â¤ï¸â¤ï¸,positif
157,Kicik itu apa sih ?,netral
2296,â¤ï¸â¤ï¸â¤ï¸ cocok bngttttt,positif
986,degdegan nge swipe nya tp penasaran HAHAHHA,negatif
1827,Cantik mulu rinðŸ˜¢,positif
2088,Slide ke 4 gak tau knpa pusing liat nya ðŸ¥´,negatif
880,Jastippnyaaa jastipnyaaa,netral
18,@veliaandrestia_ gas rono,positif
229,Kasian yg diatas dipanðŸ˜¢,netral
200,Dih jadi rindu ðŸ˜­ @claraarum93,positif
1577,@hendra_adhi_p jeepmu duk ikiðŸ˜‚,positif
965,Hwaaa merapiiiiiðŸ˜­ rinduuuu,positif
1659,@novnovira,positif
47,ðŸ’“ðŸ’“ðŸ’“ðŸ’“ðŸ’“ðŸ’“ðŸ’“ðŸ’“ðŸ’“ðŸ’“,netral
296,Slide terakhir ðŸ”¥,positif
446,@_ungeeeee_,netral
194,ðŸ˜ðŸ˜ðŸ˜ðŸ˜ðŸ˜ðŸ˜ðŸ˜ðŸ˜ðŸ˜ðŸ˜ðŸ˜ðŸ˜ðŸ˜ðŸ˜ðŸ˜ðŸ˜ðŸ˜ðŸ˜ðŸ˜ðŸ˜ðŸ˜ðŸ˜ðŸ˜ðŸ˜ðŸ˜ðŸ˜ðŸ˜,netral
175,gmn anak indihome @baby.syak.official,positif
1119,"SOFTWARE INSTAGRAMNYA KAK, CEK @bezcorp",netral
1025,Enak banget pastiðŸ¤¤,positif
17,Ini mah Lana Del ReyðŸ˜­ðŸ˜,netral
465,Mirip banget mukanya,positif
762,ðŸ˜ðŸ˜,positif
1782,hai,positif
2157,@diarycewekindigo yuk kak lihatinn,positif
1704,ðŸ˜ðŸ˜ðŸ˜ðŸ˜ðŸ˜ðŸ˜ðŸ˜,netral
145,slide ke 7 bikin merinding .,negatif
1366,Gemesss kleann,positif
1652,Ku kira tempat suntingnya lampor,positif
838,Hadiiirrrrrr ðŸ™Œ,positif
2051,Menarikkk!!,positif
1997,Mirip rin semoga jodoh yaa hehe amiiiin ðŸ˜Š,positif
1820,ðŸ˜ðŸ˜ðŸ˜ðŸ˜,positif
1607,Angkat tangan mu @keanuagl,netral
748,Gk sekalian keSolo kak??,positif
1334,@yukamerr ntr kesinii yukkk,positif
457,g lama blokiran lagi hmm,negatif
987,ðŸ˜,positif
2067,ðŸ’›âœ¨,netral
758,@icchawww_,netral
300,â¤ï¸â¤ï¸,netral
1557,ðŸ”¥ðŸ”¥ðŸ”¥,positif
259,â¤ï¸â¤ï¸â¤ï¸,netral
30,JADI PENGEN :(,positif
708,kgn mau !!ðŸ˜­ðŸ¥º,positif
2186,"cieelah,",netral
1199,@citrarimaldaa,positif
951,@diarycewekindigo,positif
1785,mba sumi @rhe_vanqman,netral
1235,HUAAA PEN KETEMU KAK KARINNNðŸ˜­ðŸ˜­ AYOO KETEMUUðŸ˜­,positif
1485,Gambar ke 3 ?ðŸ˜®,netral
418,"Rumah pocong sumi ya kak,",negatif
670,@myhilmah yo kesini lg,positif
1747,ðŸ–¤,positif
1599,Aku melihat dompetku terisi nya masih lamaðŸ˜¢,negatif
1032,Nama aku terpanggil rin,positif
1069,â¤ï¸,positif
655,Kaya malaikat,positif
2017,Pengen plg ke jogjaðŸ˜­,positif
283,@radenmas_ulung coba kesini mas explore,positif
1284,Macam duyong rin. Keren ehhhhðŸ»,positif
2292,Cocok bgttðŸ”¥,positif
385,Slide terakhir aku merinding :'),negatif
2001,luvv bangett ama kaliaaan,positif
149,Serem tapi kerenâ¤ï¸,positif
1539,Kamerany edann keun,positif
501,ðŸ˜­ðŸ˜­ðŸ˜,negatif
2247,@dinatamboel,netral
1312,MiripðŸ˜,positif
1630,Di fto ke 2 kek nya prempuan yah baju putih,negatif
570,Kurasa kutlah jatuh cintaðŸ˜‚,positif
1734,Kenapa pengen bet berkunjung ke situ sih kakðŸ˜®,positif
1625,Aku 161 termasuk tinggi gak kak ðŸ˜¢ðŸ˜¢,positif
1068,@araasmr_ :(((,negatif
682,KerennnðŸ”¥â¤ï¸,positif
1005,Knp dah mas abi ngangkatnya garpu ðŸ˜‚,netral
379,â¤ï¸â¤ï¸,netral
6,ðŸ˜,netral
791,Bahagia terus kak ðŸ’›ðŸ’›,positif
535,Galfok sama cewe yang dibelakangðŸ˜‚ @awkarin,positif
971,Padahal cuma foto tp langsung merinding,negatif
2043,Slide terakhir suburðŸ˜,positif
425,"Kotagede , ðŸ”¥",positif
353,Ke kopi @menoewakopi.jogja say ðŸ˜,positif
33,Rumah pocong mbh sumi,negatif
2251,Dapet gopay gua mau ðŸ˜‚,positif
1598,Gw anak indomie.. SelerakuuuuuðŸ¤­ðŸ¤­,positif
1036,@diarycewekindigo,positif
1897,Cocok ih wkwkwk,positif
2250,@nabila0921 @aql_bein0921 mben kudu mrenebðŸ˜‚,positif
825,Kesini yuk @damassugara,positif
1462,â¤ï¸â¤ï¸â¤ï¸â¤ï¸,positif
688,cocok udh:( nikah aja cepet lo ah,positif
898,.,netral
161,@diarymisterisara pernah kesini,positif
37,Liatnya aj udh serem tolong ðŸ˜­ðŸ˜­,negatif
249,Asikkk bgtðŸ˜¢,positif
399,TAMPANN LE ðŸ˜­ðŸ˜­ðŸ˜­ðŸ˜­ðŸ˜­ðŸ˜­ðŸ˜­,positif
2288,Mas AbiiiðŸ˜,positif
2228,@risa_saraswati @indyratnap,positif
667,Kalau di zoom baru kerasaðŸ˜¢,negatif
2124,Senyumnya mirip gangga.,netral
768,Presetnya keren kakakakakakka,positif
1604,"Pocong mba sumi,siapa nya pocong mumun ?",negatif
2003,Yuk colab yuk @tim_jurnalrisa with @awkarin,positif
569,jujur gua mual,negatif
2265,@wiena_sachi,positif
486,Ini pernah buat syuting @diarymisterisara ðŸ˜ðŸ˜,positif
938,â¤ï¸â¤ï¸â¤ï¸,positif
704,ðŸ”¥,positif
1101,takut bgt lohðŸ˜¢,negatif
1459,yuk bisa yuk ke solo,positif
600,poto kasurnya ðŸ˜¢ðŸ¥º,negatif
810,Deket bgt sama rumahðŸ˜­,positif
672,ðŸ”¥ðŸ”¥,negatif
1190,â¤ï¸â¤ï¸â¤ï¸,positif
745,MauðŸ˜‚,positif
2235,Seketika pala gue langsung pusing lihat itu,negatif
988,"keren Rin, proud bgt sm sisimu yg ini. luv",positif
1916,ðŸ’ŸðŸ‘ðŸ™,netral
1096,Masasinur ðŸ˜ðŸ”¥ðŸŒšðŸ’œ,netral
2065,Ka karin ga masuk angin?,negatif
2097,ðŸ’™,positif
342,Serem,negatif
676,ðŸ’šðŸ’šðŸ’š,netral
616,Akuuu,positif
1045,MirippðŸ˜ðŸ˜,positif
1390,@dianitafebrid @rnkumala,positif
715,Duhhh pngn cpt2 otw sanaahh ðŸ¤¤ðŸ¥°,positif
1424,Rasa ingin kesana tp ga berani @danxes_,positif
1405,mirip rumah perempuan tanah jahanam,netral
1452,CANTIK BGT,positif
23,Pelangsing 1Day 1KgðŸ˜,netral
1629,Anak dms pasti gak asing sama rumah ini,netral
215,@keanuagl lgi berimajinajis,netral
1285,kagakk dehh:),negatif
2215,@ic__aaa ayo coh kasi tau,netral
1658,lah tempat gua ada pocong sumbing,negatif
1431,ðŸ˜ðŸ˜ðŸ˜,positif
2140,Gareng petruk ya @awkarin ðŸ˜,positif
80,Alhamdulilah sahhðŸ’•,positif
438,ðŸ’™ðŸ’šðŸ’›,positif
2110,Syg rmhnya dikosongin. Gak dikontrakin aja ðŸ˜…,negatif
2090,@yesiputri7 @puspapradiantas,positif
1560,@nadiaomara udah kesini,positif
1481,Manisnyaaa mas abbiðŸ˜¢,positif
299,ðŸ˜­,negatif
995,Sampai nikah amin â¤ï¸,positif
1471,ðŸ’–ðŸ’–ðŸ’–ðŸ’–,positif
661,Nontonnya pernah di DMS @diarymisterisara ðŸ™Œ,positif
1458,Horror,negatif
233,@sifiyaaals,positif
530,Mas bianðŸ˜­,netral
1311,Kok bisa sihhh secantik ituuuu,positif
1549,"Siang aja begitu ,aplg malem ðŸ˜¢",negatif
1203,Yang wangi melati juga suka lewat lewat xixi,negatif
287,Wahhh keren sih iniðŸ’¯,positif
2151,Slide 9 serem banget ðŸ˜®,negatif
1756,@tim_jurnalrisa,positif
390,Kaburrrr ðŸ˜±ðŸ˜±,negatif
1569,ganteng dah,positif
254,trs Karin nyobain dielus gk..? ðŸ˜,positif
1364,Duhhh gemeshhhðŸ˜˜ðŸ˜˜ðŸ˜˜,positif
2190,Pocong sumi,negatif
1670,Spotify Premiumnya ka beli diaku murahloh.,netral
1417,Merinding gaksih guys?ðŸ¥²,negatif
878,Slide ke-3 dan terakhir ðŸ˜³,negatif
303,Cocok,positif
1833,Kangen bngt ke Jogja :(,positif
1708,Awgemash ðŸ‘ðŸ»,positif
41,Ini rumahnya siapa,netral
1376,Pas ngeliat langsung pusing,negatif
746,MIRIP NJIRRR,positif
279,ken kennnðŸ˜‚ðŸ˜‚,netral
924,"liat komen"" yg bikin makin merindingdisco""",negatif
232,Slide 8 seremnya  GK NGOTAK sih menurutkuðŸ˜®,negatif
253,2020 sahâœ¨,netral
2062,ðŸ’•ðŸ’•,netral
977,canteee,positif
712,gajadi jogja galauin aja?,negatif
1087,@tim_jurnalrisa wajib kesinii nih hehe,positif
1246,cucokkk ðŸ˜,positif
1110,@arifznlh berani gakk ðŸ˜‚,positif
2128,Inget banget waktu DMS ke sini jugaðŸ˜¢,positif
317,GanasðŸ”¥ðŸ”¥ðŸ”¥lâ¤ï¸,negatif
2063,ada hantu penari dan siluman ular,negatif
1900,mirippppp,positif
1239,KANGEN BANGET MERAPIðŸ˜­,positif
1832,ðŸ’—ðŸ’—ðŸ’—,netral
609,Mirip ganggu,positif
1076,kok gelem le ngantri yoðŸ˜‚ @anunghermawann,positif
1275,â¤ï¸â¤ï¸,positif
31,@tim_jurnalrisa kunjungin donggg plsssðŸ¥ºðŸ™ðŸ»,positif
2209,Bagaimana saksi?sah?,positif
1507,hiling ke sini aja @rivaldyarief,positif
1544,@tim_jurnalrisa Yu kesini yu,positif
629,duhðŸ˜,negatif
1804,Miripp,positif
1938,@nucorners next kesini mampir berani ga nih ðŸ˜‚,positif
1150,Slide 8 sih pling seremmmm ðŸ˜¢,negatif
330,Slide 3 merinding,negatif
1503,@nazmipahlevi_ @nrslmaa_er,netral
567,Slide 3,netral
1975,Jd kgn yogya. Utg dh prnh ke gunung merapi,positif
1493,klo aku kesana mungkin udh lemes wkw,negatif
2263,Kaya mirip,positif
1451,ðŸ˜˜,positif
302,UuwðŸ¤,positif
1931,@myusufsholqn_27,positif
359,Ini berani cenah karin @agiteeee,positif
1895,Sumiii wkwkw @desyawolf,positif
1380,SETEruse karo mas abi aminðŸ¥°ðŸ˜…,positif
309,kok aku merinding ya liatnyaðŸ˜°,negatif
2147,Mirip ðŸ˜,positif
1510,mirippppp,positif
1093,Duhhh>_<,negatif
1411,"Pasti nunggu lamaaakk bettt,-",negatif
1001,@keanuagl ngapainnnnn ituuuu,netral
1515,Enak bgt :(((,positif
1967,mwaahhhh,netral
1492,Kak pengen ktmuu yuuu,positif
1580,@aldi_reynaldi_ ceritain,netral
141,Be jadi ingat lu mmgðŸ¤£ @salsabilamrwh,positif
735,Pocong Sumi kan,negatif
1528,Musalaisi gangga beb kauji,negatif
1573,@janitrimj,positif
1663,KENAPA JODOH GUA MANIS BANGETSII ðŸ˜,positif
997,Unchunch,netral
521,sumpah ka harga nasinya murce kan yaakkk,positif
1614,ðŸ˜˜ðŸ˜˜ðŸ˜˜ðŸ˜˜,positif
1271,Ini ada di ytnya @sarawijayanto,positif
77,slide 3 ada sosok mata diatas,positif
393,Rin mirip semoga yg terakhir yaaak haha,positif
933,tp kdg manusia nya suka gatau diri,negatif
262,Njir bukan ama gangga lagi,negatif
949,Liat slide k 3 auto pusing :),negatif
563,mirip astagaðŸ”¥,positif
240,Wajib kesini si @tim_jurnalrisa,positif
1056,Kapan kesana lagiii:),positif
1302,Mas abi ganteng ðŸ˜ðŸ˜ðŸ˜,positif
1865,Ada d vlog nya Sarah Wijayanto ini,positif
1743,hawanya beda bgtâ€¦. merinding lgsung,negatif
937,Waktu itu aku ngungsi yawloh ðŸ˜­,negatif
2212,SLIDE KE 2 DINDING POJOK KIRI ATAS.,netral
2244,Para indi indi langsung keluarðŸ¤£,positif
1592,Simirip gols bgt!ðŸ˜,positif
1171,Kuliner teross bareng doi dongðŸ˜,positif
1854,Jogja vroh . Galau ganih ðŸ˜…ðŸ˜… @awkarin,positif
2050,keren jadi cafe nih,positif
491,â¸lðŸ˜‚,positif
1811,ðŸ˜,positif
85,ðŸ˜,netral
202,ðŸ˜ðŸ˜ðŸ˜,netral
15,Kaget banget harganya semurah ituðŸ˜‚,positif
474,Rin mirip wei,positif
1840,Cantik banget herannðŸ˜,positif
118,Yang paling jelas yang di kasur,netral
1789,Serem,negatif
2012,Kangen jogjaaðŸ˜­,positif
619,Mampir Sarkem ka ðŸ¤£ðŸ¤£ðŸ¤£ðŸ¤£,negatif
1942,â¤ï¸,netral
896,ðŸ”¥ðŸ”¥ðŸ”¥,positif
716,â¤ï¸,netral
1781,@mcy_topmarc,positif
1385,bagi bagi kakk,positif
914,ðŸ˜ðŸ˜ðŸ˜,positif
1340,Gemoy ðŸ˜,positif
2034,Kok gak mampir kerumah Talia neng @awkarin ðŸ˜˜ðŸ˜˜,positif
828,foto terakhir... ðŸ¥ºðŸ¥º,negatif
657,Sereeeeemmmmmmmm,negatif
1188,ðŸ˜ðŸ˜,positif
1256,Kayanya nnti cowo ak gt deh,netral
1127,Badan ku sakit2 langsung melihat iniðŸ˜¢,negatif
310,tim angkringan @famelazyan,positif
187,Apa dayaku ga suka kambing:(,negatif
917,Kok merinding saya,negatif
1893,Gumushh view nya,positif
979,Mantulll bgt kakaaaaaðŸ’•ðŸ’•ðŸ’•,positif
1277,Bucyn,negatif
1524,Tas gogreen nya kaaakkk,positif
1581,Seremmmm,positif
564,"karin cantik banget, pusing :'",positif
294,"Aku liat tanda tanda kesuraman, di dompet ku.",negatif
1751,kamu mah bidadari,positif
805,Uwww mba karinðŸ˜ðŸ˜,positif
572,@awkarin  you look twins,positif
1498,#teamsatekulit,positif
2114,Ka koleb dong ka sama jurnal Risa,positif
1407,@septiani.susi ðŸ˜Œ sate,positif
144,â¤,positif
1710,Abi ganteng bgt ya,positif
260,JOGJA LAGI YOK RIN,positif
982,Aww bebebkuuuu,positif
953,KE JOGJA LAGIIIIII MIT AP SINI KAKA,positif
2233,Jd ingin:(((,positif
2117,ðŸ˜,netral
842,@tim_jurnalrisa X @awkarin,positif
1164,ðŸ”¥ðŸ”¥ðŸ”¥ðŸ”¥ðŸ‘ðŸ‘ðŸ‘ðŸ‘,netral
775,Kak sarah Wijayanto pernah kesini,positif
1175,suka bgt yaallahðŸ¥°,positif
2223,@silfiribkaynsa,positif
295,EmmðŸ’–ðŸ’–,netral
1491,ðŸ˜ðŸ˜ðŸ˜,positif
546,Wah ada bidadarrri,positif
1722,panutan skloðŸ˜˜ðŸ˜˜,positif
1423,@rereykei kamu berani kan beb,positif
651,Miriip banget yaampun â¤ï¸,positif
866,Serem njir tempatnyaðŸ˜‚,negatif
1099,ðŸ’•,positif
776,BagusðŸ˜tapi seram,negatif
139,awas jadi suzana karin ðŸ˜€ðŸ˜€,negatif
2093,Jogja g nih ? @ilamrenden,positif
34,Jadi mau ke jogya kann,positif
1559,bikin gw deg degan ajaa,negatif
793,Bikin ngiler ðŸ˜‚,positif
376,KurinduðŸ˜­,positif
1442,@diarycewekindigo apa ada sesuatu??ðŸ˜³,netral
743,Wehh mba Karin ke  Jogja lagi,positif
1657,Pusing ðŸ¥²,negatif
1770,degdegan parah asli takutðŸ˜¢,negatif
2264,Emank sate klatak terfav!!!ðŸ¥°,positif
234,"Serem banget anjirrrrr, dompet gue:(",negatif
792,MiripðŸ˜Š,positif
1903,8,netral
506,ðŸ˜­ðŸ˜­ðŸ˜­ðŸ˜­ðŸ˜­,netral
634,ðŸ˜ðŸ˜ðŸ˜ðŸ˜,positif
1815,â¤ï¸,netral
1776,luvvâ¤â¤â¤,positif
1029,Jurnal risa pernah kesiniðŸ˜®,netral
61,Slide 3 dan 8 merinding,negatif
1165,ðŸ”¥ðŸ”¥ðŸ”¥,positif
2073,Kak KarinnnðŸ’•,positif
1103,Ini yang pernah disara dms,positif
227,wkwk up deh ðŸ˜‚,negatif
2300,Slide terakhir,netral
1043,kaa bikin vlog nya dong,positif
526,ngacoâ˜¹ï¸ðŸ˜,negatif
92,Bercerita dan berdiskusiðŸ’œ,positif
868,@bayurdtyo_ angkringan,positif
817,@rererz07 jogja menunggu,positif
992,Slide 5 nenekÂ² pandangan kosong.,negatif
1880,ready netflix sharing anti onhold 40k,positif
1696,bgni @itafazria ?ðŸ¤£ðŸ”¥,netral
1867,First like,positif
2175,ðŸ’™,positif
36,Ibu sudah bangun,netral
1145,â¤ï¸â¤ï¸â¤ï¸â¤ï¸,positif
1358,rinn cowo lo manis bangett,positif
764,mirippp njirannn,positif
923,Jadi pengen kesana lagi ya @kurnniiiaaa,positif
1367,Liat gini aja gw deg2n ðŸ”¥,negatif
2019,Cuan ðŸ˜ cuan ðŸ˜,positif
2282,"Ini bnyk bgt, dah lebih dari 5",positif
267,keinget tanah jahanam ðŸ¥°,positif
1357,HaduuuðŸ˜,positif
223,â¤ï¸,positif
1078,Monggo anak indihome @heynom__ xixixixixi,netral
1806,ðŸ”¥,netral
2103,Jadiin coffe shop bagus ni kak @awkarin,positif
781,genggam karin teruss kak sabâ¤ï¸,positif
921,Wedyannnnnn,negatif
1610,Semoga jodoh amin,positif
2172,Enak gone pakdeku tep an no debat,netral
1632,Kayinn sala baju gasiðŸ˜­ðŸ˜­,negatif
1002,Awww menantang boleh juga nanti mampir jogjaðŸ˜‚,positif
905,@risa_saraswati teh,netral
152,Udah cobaðŸ˜ðŸ¤¤,positif
427,i love ur positif vibe ðŸ¤Ÿ,positif
587,Gemessssssssssss,positif
1953,Mirip,positif
1228,@dilalovian skuy la bnyk angkringan ni,positif
615,karinn ke gunungkidul kapannnnnðŸ”¥,netral
42,Enak bgt emg,positif
1951,aku liat nya aja udah pusing,negatif
703,Yaa ampun mbaaaðŸ˜˜ðŸ˜ðŸ’¯ðŸ’¯,negatif
55,inii udh pernah tayang di dms,positif
2041,ðŸ˜ðŸ–¤,netral
43,MAMPIR NING KOST KU KAðŸ˜š,positif
794,The bestðŸ˜ðŸ¤¤,positif
511,ðŸ˜®ðŸ˜®ðŸ˜®,netral
1017,happy uâ¤ï¸,positif
522,haduh sate bekecott mantebb tuðŸ˜­ðŸ˜­ðŸ˜°,positif
311,I wanna meet you KakðŸ˜¢ðŸ˜¢,positif
818,Ngeliat aja langsung merindingðŸ˜¢,negatif
1456,Couonya cakep ugha hehe,positif
641,Mas Abi Yang Kmrn Ngajak Gue Ngopi Rin,netral
684,ðŸ˜,positif
1818,ðŸ”¥ðŸ”¥ðŸ”¥â¤ï¸â¤ï¸,positif
1427,Dek @jihansiskaa di gang iku ta ?,netral
538,â¤ï¸,positif
1624,@wismarushan gas gaa?,positif
2237,ðŸ™ŒðŸ‘ðŸ˜®jzbh,netral
217,@dwikihernanto03,netral
1261,"Somehow, miriiiipppðŸ˜Š",positif
2100,Ini yang pernah di datengin sama DMS,positif
335,Ganteng banget mas ABI,positif
551,Besokk kemane nihhh,netral
1362,â¤ï¸â¤ï¸ðŸ˜,positif
1266,ðŸ˜ðŸ˜ðŸ˜ðŸ˜ðŸ˜ðŸ˜,netral
1555,dkt rmh elvin @sallfaaa @bbslfnn,positif
66,ðŸ’–tapjiwa,positif
692,slide terahir paling serem,negatif
2291,Cantik amatttttðŸ˜»ðŸ˜»ðŸ˜»,positif
527,"SLIDE TIGA BRO, GUE LANGSUNG DEDEGANNN",negatif
2196,tb tb pusingg liatnya,negatif
140,Ganteng ih pacarnya karin yang sekarang,positif
927,Slide ke 7 dizoom kaya poci ðŸ˜¢,negatif
5,Adem banget muka cwonya kyk ubin mesjidðŸ˜,positif
58,Serem bgt lo rin,negatif
2032,@riririannita,positif
583,"Kangen jogja, kangen angkringanðŸ˜­",positif
2253,soswetttâ¤ï¸,positif
1874,Hawa mistisny klihtn bgt seremny....,negatif
1613,ðŸ’–,positif
2174,Keren,positif
2125,ðŸ˜ðŸ˜ðŸ’–,positif
721,"serem bgt,bye.",negatif
1766,Merinding bgtttttt diliat dari fotoðŸ˜­,negatif
1189,ðŸ‡®ðŸ‡©,positif
278,Kangen bangettt parahðŸ˜­,positif
1273,ðŸ§¡ðŸ§¡ðŸ§¡,positif
946,Duhh gw anak Indomie lagiii,netral
185,Ft,netral
2184,@tim_jurnalrisa,positif
2294,"Angkringan kewek pak tomi mantep jugaa,asliii",positif
1774,@indahdip,positif
958,wahhh parahhh...ðŸ˜ðŸ˜ðŸ˜,positif
1808,Satay @cameliasitohangg wkwkw,positif
989,"Bneran enak ini, jdi pengen kesana",positif
1991,Ini ada di DMS @sarawijayanto,positif
1853,Slide ke 3 merinding bgt,negatif
19,@ver_gud wani tak jak rene ra gud ?,positif
1927,Aaaa ning pleretðŸ˜¥,positif
2268,@tim_jurnalrisa,netral
1890,Dielus elusðŸ˜­ðŸ˜­ðŸ˜­,negatif
54,â¤ï¸,positif
189,Jogja istimewaðŸ˜ Jogja selalu bikin kangenâ˜¹ï¸,positif
505,Miripppâ¤ï¸,positif
1922,Lebih cocok yg ini sihh..ðŸ¤­,positif
64,ðŸ˜ðŸ˜ðŸ˜ðŸ˜ðŸ˜,netral
1586,Slide terakhir nyereminðŸ˜¢,negatif
1643,Asique @ossilujunai ,positif
1738,Dms pernah kestuuðŸ˜‚,positif
1928,Mirip beneran..,positif
1129,"Tolong ,kok aku bacanya sate katak ðŸ™ðŸ™ðŸ™",netral
113,@itsbaniyyy,netral
1217,Awas kesambet riin,negatif
1000,Rjj,positif
1858,Victoria secret murahya kakkkkðŸ˜ðŸ˜ðŸ˜ðŸ˜ðŸ˜,positif
82,menurut gua si rasanya B ajaðŸ˜…,negatif
1855,mantabbb,positif
1550,â¤ï¸â¤ï¸â¤ï¸,positif
944,Ada di youtube sara wijayanto ini ðŸ‘ðŸ‘,positif
1534,Di gantole nya ? @voiiifs,netral
326,slide ke 3 ada yg liat dri atasðŸ˜‘,negatif
1477,Saya melihat kehampaan di hubungan kitaðŸ˜®ðŸ˜®,negatif
2273,terlalu uwuuðŸ˜»,positif
1601,Gue gak liat apa2 tp knp jd mual pusingðŸ˜‚,negatif
1737,@pinkydwita,positif
2031,â¤ï¸â¤ï¸â¤ï¸â¤ï¸â¤ï¸â¤ï¸â¤ï¸,positif
2037,Baru liat fotonya aja udah merindinggg ðŸ™ƒ,negatif
1264,keren...di mana nih?,positif
850,Berani se... asal masih kelihatan orang ðŸ˜‚,positif
689,ðŸ˜ðŸ˜ðŸ˜,netral
122,ðŸ’™ðŸ’™ðŸ’™,positif
1248,@aziz_fatchulhd,positif
214,saya melihat @mariohhar ngesotâ€ disana,negatif
1379,Mantap,positif
1529,ðŸ˜,netral
1021,â¤ï¸â¤ï¸â¤ï¸â¤ï¸â¤ï¸â¤ï¸,positif
1082,gemez,positif
1661,uuuh mas â¤ï¸,netral
795,ðŸ’–ðŸ’–ðŸ’–,positif
909,â¤ï¸,positif
724,@tim_jurnalrisa @risa_saraswati,positif
1919,Mas liatin ada ga @evalrusdianto13,positif
298,Luv ka karinâ¤ï¸â¤ï¸â¤ï¸,positif
52,Mirippp gilaaa,positif
2066,Kenapasih bkin kangen JogjaðŸ˜­,positif
1050,ðŸ™Œ,positif
360,Bikin vlog uji nyali cobaðŸ”¥,positif
1299,UhhðŸ˜,netral
1618,SeremmmðŸ˜¢,negatif
1109,Ko,netral
159,Ngidam bgt guaaa anjerrr,positif
1698,@hi.huzwa kirain d stasiun kalakah ðŸ˜­,negatif
318,Aduhh mas abiii ðŸ˜­,netral
652,Ingat ga? @ermmawijaya,positif
717,ðŸ˜­ðŸ˜­ðŸ˜­,negatif
861,@indah_ramadhani_fh flashback,positif
2298,Luvâ¤ï¸â¤ï¸â¤ï¸â¤ï¸,positif
558,"Cakep bener rumahnya, dulu...",positif
2115,@tim_jurnalrisa,netral
190,lu knp cocok bgt sm dia sih ka,positif
1083,Ayokkk Jogja yokk  @jennyberbitasarif ðŸ¥µ,positif
710,Jatuh cinta saamaaaa kamuðŸ’›,positif
1074,â¤ï¸,positif
983,ada gg di semua slide,positif
351,@niaahmd19,positif
1783,tapi ko estetik ya? ðŸ˜­,positif
2270,@azaliafarika dimana ini?,netral
1869,â™¥ï¸â™¥ï¸â™¥ï¸â™¥ï¸,netral
1946,Slide terakhir sedih bgt mbaknya ðŸ˜¢,negatif
996,Kapan gua punya mas mas kaya gituðŸ˜­ðŸ˜­ðŸ˜­ðŸ˜­,positif
1686,selalu suka sama makanan angkringanðŸ’š,positif
1315,Cek post lah kakðŸ˜¢,positif
913,Itu kak @keanuagl bukan sih,netral
1786,teh kesini dong @risa_saraswati,positif
1980,Maturnuwun ðŸ˜â¤ï¸â¤ï¸,positif
1421,ðŸ˜ðŸ˜ðŸ˜,positif
479,@ojakkkk kmren tu ndk kesini jakk,positif
1651,Merinding bgt pas kesitu,negatif
1449,ngeliat fotonya hawa nya seperti rumah kosong,negatif
963,muka jodohh kakðŸ˜ðŸ˜ðŸ˜ðŸ˜,positif
2038,Kyk pernah di pake buat syuting film ga si?,positif
271,mas abiiiðŸ˜,positif
726,@lussfl inget kaga,positif
516,Angkringan KR itu mahal hahahaa,negatif
1716,Ka karinn bahagia selaluuðŸ˜ðŸ˜,positif
1762,@diviradivaa nii,positif
411,Lopyu,positif
1070,sukak bngt kl sm mas abiðŸ’™,positif
906,babeeðŸ’›ðŸ’›ðŸ’›,netral
40,deh sukaku ini berduaðŸ˜­,positif
1753,Estetik,positif
4,Mirip kakðŸ˜­ðŸ˜,positif
204,â¤ï¸â¤ï¸â¤ï¸â¤ï¸â¤ï¸,positif
408,Cantik,positif
434,@raberylla :â€™) e,positif
1147,cocok buat bikin film,positif
219,hawanya serem bangett,negatif
847,Udah ya plis sama yg ini aja,positif
1428,Haha..muncul tuh mba di foto kamu,positif
272,cepet nikahðŸ˜,positif
1360,Ah kangen angkringan gwðŸ˜¢ @awkarin,positif
2150,ðŸ‘ˆðŸ‘ˆSepatunya kakaðŸ”¥ðŸ”¥,netral
720,Knp ini manis bet yawlo :(,positif
813,Berani tp takut,negatif
1128,@rchaulia_ yuk bisa yuk ada apa disana wkwk,positif
1049,Jd kangenðŸ˜­,positif
1635,ganteng bgt dah jd pengen kak,positif
268,aku anak indomie ðŸ˜”,netral
1310,@adindarsynt seru nih tempat nyaaa,positif
481,@thatha.tata @imbaby.gurl_,positif
543,Liat foto ini aja w dah merinding,negatif
1621,@hafriandy_ kapan kesini bosqu?ðŸ™ƒ,positif
1576,Bisa asup padahal @eriiksupriadi,positif
1265,"ihhh, kirain calum hood dong ðŸ˜­",netral
1943,@tim_jurnalrisa,positif
1674,Kangen bangetttðŸ˜ðŸ˜ðŸ˜­ðŸ˜­,positif
2231,â¤ï¸â¤ï¸â¤ï¸,netral
383,@tim_jurnalrisa,netral
1814,â¤ï¸,positif
1764,yes i see it (:,positif
1495,Pernah liat ini di Diary Misteri Sara,positif
347,Duhhh udahh lahh cocokkkkðŸ˜,positif
1375,â¤ï¸â¤ï¸â¤ï¸,positif
121,ðŸ˜ðŸ˜ðŸ˜ðŸ˜,netral
658,â¤ï¸,netral
590,Cucok,positif
1055,Gakuat gakuat ma deg ke dada-_-,negatif
2055,"Mirip, semoga jodoh â¤ï¸ ya rin @awkarin",positif
1932,dijogja sis ? @awkarin,positif
1732,Cyute bnget,positif
2119,Hoodie murahhðŸ”¥ori,positif
89,GilinggggðŸ˜,positif
1642,I kno this place omg karinnnnnâ¤ï¸,positif
644,Rindu jogja dan isinya ðŸ˜¥,positif
760,merinding baca ne,negatif
1878,@ganggaksm kemana ??,netral
177,@_boteng teng lu ngapa disana,netral
823,Mantul mbakâ¤ï¸â¤ï¸â¤ï¸,positif
519,Dikasur!!!,positif
1746,â¤ï¸â¤ï¸,positif
1934,@___oy.oy,netral
1523,ðŸ’˜ðŸ’˜ðŸ’˜ganteng bgt mas abi,positif
1719,dia yg pacaran gw yg gemes,positif
1819,â¤,positif
1408,Ini rumah asli dlunya dlemnya kayak istana,positif
1506,@diarycewekindigo  Tiara.. sini dong,positif
1018,Dark,negatif
1567,@talitooongs ummm..,netral
2168,Loveeeâ¤ï¸â¤ï¸â¤ï¸,positif
785,Authentic bgt gile ðŸ‘,positif
1851,manisnya,positif
1933,Slide ke 4 banyak wajah dijendela kiri,netral
1446,Yang terahir beda bgt aura nya ðŸ”¥ðŸ”¥ðŸ”¥,positif
840,yeay sama!!,netral
1013,"YaAllah serem, untung gw anak indihome ðŸ˜¢",negatif
1058,Gak gak gakk mauu sereum bgt,negatif
1813,captionnya uuuuuunch @awkarin,positif
1339,@otunnn___,positif
171,@landitaayu mau lg,positif
412,@6icko31 slide ke 7 ada die nyempil wkwk,negatif
1166,â¤ï¸â¤ï¸,positif
895,"@azrul_rifqi gini zrul, ada nasinya",positif
1226,Gow is a womanðŸ˜,netral
964,ðŸ’—ðŸ’—,positif
270,ðŸ¤¤,positif
416,Pengen kesiniiiðŸ˜­,positif
2148,takut ah,negatif
2101,Bisa kecipirit dicelana  ka @awkarin ðŸ˜‚ðŸ˜‚ðŸ˜‚,negatif
364,Cocok bangett,positif
2074,",",netral
2189,Aaaaa jd kangen balik jogjaaa kaaa,positif
1757,Langgeng karinnnðŸ’“ðŸ’“,positif
740,kak bikin vlog dongðŸ˜‚,positif
73,No,negatif
2204,lumayan byk,positif
1648,sayangg masabiâ¤ï¸,positif
1122,dari cinta ke sate sm yg makannya.,positif
1081,Ada yg ngintip,negatif
312,Ngeriiiii banget bacanyaðŸ”¥ðŸ˜­,negatif
1511,I do not see it ðŸ˜¶,negatif
1728,"Defenisi jodoh "" MIRIP """"""",positif
378,luv u @awkarin ðŸ’•ðŸ’•ðŸ’•ðŸ’•ðŸ’•ðŸ’•ðŸ’•ðŸ’•,positif
1245,ðŸ˜ðŸ˜ðŸ˜,positif
1972,Ceritain sejarah nya dong,positif
154,gemes bgtðŸ˜­,positif
891,Mas abiiii â¤ï¸,netral
192,@tim_jurnalrisa @indyratnap,positif
1631,ðŸ”¥ðŸ”¥,positif
1444,Dingin ya rinðŸ¤£,netral
473,kak karinnâ¤ï¸â¤ï¸â¤ï¸â¤ï¸,positif
1328,@echayosia,positif
1689,Lah yang fotoin siapa cobak??,netral
87,ðŸ˜,netral
1489,Serem,negatif
308,Kak kariiin,positif
2160,Merinding,negatif
1512,OMGGGGðŸ’“ðŸ’“ðŸ’“ðŸ’“ðŸ’“,positif
1983,wanita tanah jahanam ya ka,negatif
2205,Indahnya pemandanganðŸ˜‚,positif
1779,Auranyaaaa ðŸ˜‘ðŸ˜‘,netral
1126,@dwi.kusworo.1,positif
381,@hasnahnfh13_ @zhr.alda,positif
632,pen ketemu woy,positif
1052,Mirip ih â¤,positif
955,Seruuu tp menakutkan juga ðŸ˜‚,positif
1825,Sukaakkk banget karinnnnn,positif
414,Kok pas liat agak degdegkan yakðŸ˜‚,negatif
2218,luvðŸ”¥ðŸ”¥ðŸ”¥ðŸ˜ðŸ˜ðŸ˜,positif
778,Syedepp,positif
1475,Kok horor gtu,positif
598,Slide 3 & slide 8 sesak liatnya,negatif
178,Mauuuuuuu :((((,positif
2161,GROSIR TAS IMPORT TERMURAHðŸ‘œðŸ’¼,positif
340,lucu bgtt,positif
985,DOBLEHðŸ˜­ðŸ˜­ðŸ˜­,netral
2187,ðŸ’™ðŸ˜­,positif
1323,@mirzasyahrianto  kangen jogja,positif
2272,Mirip rumah di film Perempuan Tanah Jahanam,positif
1609,Gunusshhh ðŸ˜ðŸ˜ðŸ˜ @awkarin @sbngram,positif
198,Ihhhh tau dehh ayaammmðŸ˜,positif
2293,cuteeeeeðŸ˜,positif
1295,Cantik banget siiii ðŸ˜­â¤,positif
1712,Gimana rasanya kak?,netral
829,Sekilas aku liatnyw dia DO exo:(((((,positif
1527,@alisa.joana,netral
142,SENENG BGT KA KARIN BISA KE JOGJAAAAAâ¤ï¸,positif
665,YG TERAKHIR YA RIN INI JANGAN GANTI LAGI!!!,negatif
1420,Ka@awkarin brapa hari ya di jogja?,positif
196,LuvvvvðŸ’ðŸ’,positif
2224,Cakep amat pcr orang.,positif
315,"Duhh gw anak indihome rin, ga ngerti ginian ðŸ¥²",negatif
2232,@phandaleea berani banget,positif
759,ðŸ˜ðŸ˜ðŸ˜,positif
170,Jadi pengin.,positif
1921,@kennydchh So prnh ksni ng?,netral
1526,Paling banyak area belakang deket sumur si ðŸ¥ºðŸ¥º,negatif
773,ðŸ˜­â¤ï¸â¤ï¸,netral
1838,entah knp jd merinding,negatif
1755,Jd kangen jogja kangen sate pak pong ðŸ˜,positif
1950,rumah yg pernah jurnalrisa datengin bukan si?,positif
22,firstðŸ™Œ,positif
574,gemesnya mas abi,positif
45,KAK KAPAN SIH INI KE JOGJANYA KOK AKU GATAU,positif
1222,Kangen bgt sama jogjaðŸ˜­,positif
467,Dulu pernah pesen sare jn,positif
106,@fachriansyahaf ðŸ˜ðŸ˜,positif
1726,ðŸ–¤,positif
1706,Yg di dms ga si,positif
1254,"Slide 8, di atas lemari ðŸ˜¶",netral
1363,ðŸ™ŒðŸ˜,netral
442,Azekkkkkk,positif
1280,Jd kangen jogjaðŸ˜©ðŸ˜­,positif
319,Kyutttt bgttttðŸ’–,positif
184,langgeng karin!ðŸ¤ŽðŸ¤Ž,positif
2047,Mas abinya manis bangetðŸ˜,positif
1399,Tempat uji nyali tuh,negatif
2200,Yampun masih remaja toh almarhum ðŸ˜­ðŸ˜­ðŸ˜­,netral
1355,ada rambat lancah kakðŸ˜¢,negatif
1977,mantappðŸ‘ðŸ‘ðŸ‘,positif
1091,ðŸ’–,positif
839,ðŸ˜,positif
1683,Sering bgt kesitu ðŸ¤¤ðŸ’œ,positif
1839,pas galau galau nya ðŸ¤£,negatif
1810,Begitupula perasaan gw ke elu Karin..,positif
744,Pak ponggg memang terbaikkk ðŸ‘Œ,positif
539,Pernah nonton di konten nya DMS,positif
2214,ðŸ˜,netral
618,@tit.ahhhhhhh,positif
801,U guys are so cuteâ¤,positif
1872,wanginya sampe sini,positif
2108,Kejogjaa kudu kesini ni ðŸ˜‚ @evanglgs_,positif
1170,Yuk @sivakartika @bellasafrinaa,positif
1193,Kayak abdi negara nihh,positif
398,Merinding banget,negatif
210,aku merinding ka karin baca pesannya sumpah.,negatif
1042,ðŸ˜,positif
1185,â¤ï¸â¤ï¸,positif
65,Tmpt maen uno sampe subuh :(,positif
863,Mas abi ku ðŸ’•,positif
2005,utk ambil fotonya sajapun aku sih TIDAK ya :(,positif
796,Konten terbaikâœ¨â¤ï¸,positif
1681,ðŸ˜ðŸ˜,positif
203,"Bukan indigo, tp ikut sesek jgðŸ˜¢",negatif
108,deket rumahhhðŸ˜­â¤ï¸,netral
2068,nunggu anak indigo komen..,positif
1873,â¤ï¸â¤ï¸,positif
2,Rumah pocong jogja ðŸ‘»,negatif
1964,Nunggu nya berapa jam rin ðŸ˜…ðŸ˜‚,negatif
341,@tim_jurnalrisa fix harus datengin tempat ini,positif
1496,NIH SATE KLATHAK @difhaelhaq,netral
875,ðŸ”¥ðŸ”¥ðŸ”¥,positif
482,Slide trakhir sih ðŸ™ˆ,netral
1336,tbtb pusingðŸ˜¢,negatif
916,Karin foto disana bukan horor malah estetic,positif
372,Nyi Rorokarin ðŸ˜,positif
576,@tim_jurnalrisa  wajib nih dicoba ðŸ˜‚,positif
942,lebih horor baca komen2nya siih,negatif
211,miripppppp,positif
520,Kicik apaan?,netral
1771,ini mah pas di foto setannya jadi estetik,negatif
1884,Kembarrr,positif
1936,Aalllooooo kaaa karinnnnâ£ï¸â£ï¸â£ï¸,positif
1673,Cute bangetðŸ˜,positif
1436,Karinnnnnnnnn,positif
354,Kangen jogjaðŸ˜,positif
96,owshie kangen jogja,positif
589,Rumah style Chinese ya?,netral
1685,2020 pacar baroo,netral
1354,Gumuyyyy ðŸ˜,positif
513,Insyallah sah yahðŸ˜ðŸ˜ðŸ˜,positif
71,sate klathak itu daging apa ya? serius nanya,netral
1382,Bukan indigo slide 2 kerasa sedihnyaðŸ˜¢.,negatif
1359,ðŸ’–ðŸŒ¸ðŸŒ¸ðŸŒ¸â¤ï¸,netral
456,MirippppðŸ˜,positif
725,Aamiinin ges,netral
68,Jdi inget trauma 27mei2006 merapi,negatif
1949,Cantik aja heranâ¤ï¸,positif
881,ðŸ’–ðŸ’–ðŸ‘,netral
2178,@ojatputra tau tempat ini?,netral
231,Liat fotonya ajaa merinding sihhh,negatif
377,"Jadi kapan mau sebar undangan ""eh ðŸ˜ðŸ˜""",positif
862,ko mirip ðŸ˜­,positif
432,Aku melihat banyak mikroba,positif
994,Ko miripp,positif
1772,@shellirachel ayo ka,positif
1263,the last pict bikin kaget wkwkwk,negatif
1572,@lynggrn,positif
1780,ðŸ’ŸðŸ’ŸðŸ’Ÿ,positif
814,"Klo sma yg ini , aku liat nya ademmmmðŸ˜˜ðŸ˜",positif
1505,@diarycewekindigo,netral
218,Ini keren bangetðŸ˜,positif
948,liat dari foto ajah udah merinding,negatif
16,Kesini apa ?@estilarasati,positif
2035,"Ya Tuhan, aku kangen Jogja ðŸ˜­",positif
367,"Keren kak Karin, salaaaam dari jogja",positif
884,â¤ï¸,positif
2060,Itu kpn kak??,netral
2152,Fwesh,netral
1132,Cocok kk ðŸ˜,positif
1713,Manis bgt,positif
1502,ðŸ˜ðŸ˜,netral
2118,Emg enak bgt tuh sate kak,positif
984,Mas abi manis bgt dah,positif
542,Sya mah anak INDIHOME jadi ga bisa liatðŸ”¥ðŸ”¥,netral
803,@istianahvina anak Indihome coba liat ini ðŸ˜‚,netral
677,Liatnya muallll sumpahðŸ˜¢ðŸ˜¢ðŸ˜¢ðŸ˜¢,negatif
406,@meylan.dp @meylandp hajarr meyy,positif
552,Gak beraniii,negatif
362,ðŸ’ŽðŸ’ŽðŸ’ŽðŸ’‹ðŸ’ŽðŸ’Ž,netral
549,â¤â¤,netral
970,Luvvvv,positif
1611,mirip,positif
1361,@rifki_ctprtm @jerrybudiharjo ðŸ™ˆ,netral
940,KerenðŸ”¥ðŸ”¥ðŸ”¥,positif
1351,@_ziddann dkt rumah mu dun,positif
788,"BAHAGIA TERUSSS YAA MBA KARIN, MAS ABIâ¤ï¸",positif
1448,cantikk sekaliii,positif
1889,ADA VLOG NYA GA SIH RINNN??,netral
2258,Njirr kirain bidadari kayangan ðŸ˜,positif
1135,"Jadi inget ""Galau jogjain aja"""" ðŸ˜ @eri.carl""",negatif
1729,unch bgt huhuðŸ’“,positif
1848,Slide terakhir ðŸ‘,positif
642,â¤,netral
1148,Ogah rin,negatif
554,gantenk bgt,positif
2173,Belakang rumah simbah nich @adnankarunia haha,positif
693,"Baru aja balik, wishlist kalo kesana lagi!",positif
2009,Rumahnya bagus. Sayang bgt kyk gitu:(,positif
649,Jogja istimewa ðŸ˜ðŸ˜ðŸ˜,positif
420,Gua gak ngeliat indihome di rumah itu ðŸ˜‚,positif
593,Awwwâ¤ï¸,positif
1525,â¤ï¸â¤ï¸â¤ï¸,netral
1906,AaaðŸ˜ðŸ˜,positif
1401,@adthmst,positif
2054,kangen jogja yaallahðŸ˜­ðŸ˜­,positif
706,Mirip WoyyyyyyðŸ˜ðŸ˜,positif
1891,DMS pernah ke situ,netral
1504,@rahmafadilaa,positif
2257,ðŸ™ðŸ™,positif
960,â¤ï¸â¤ï¸â¤ï¸â¤ï¸,positif
1307,mas abi mirip d.o,positif
1227,@eva18yulian,positif
500,Cakep bgt ðŸ˜,positif
147,"Pusing liat fotonya, kenapa yaaaaaðŸ˜¢",negatif
258,Kangen JogjaðŸ¤§,positif
769,Cinta bgt sumpahhhhðŸ˜ðŸ˜­,positif
13,@jeremy.roberts.549436 my fav one ðŸ˜ðŸ˜,positif
1294,Udh pernah,positif
1692,Iki loh sing jareku biyen @izzi_izzulhaq,positif
114,Cocok batt parshh!!,positif
957,@martmarta_,positif
2177,Yang fto ke 3 itu kaya ada kepala deh,negatif
241,@ruthmurniati_ mau coba ga? Wkwkkwkw,positif
1410,Aku anak indomie seleramu,netral
679,mirip masa hahahaha,positif
2295,TBL TBL TBL ðŸ˜®ðŸ˜¢,positif
56,sate yang bikin ngangenin ðŸ¤¤,positif
435,â¤ï¸â¤ï¸â¤ï¸,positif
2095,Brrrrrrrrrrrr,netral
155,terniat bngt bngtannðŸ˜­ðŸ˜­,positif
2299,Ncesss @yurikeputri.ad,positif
1981,Dinginn rinn dinginn @awkarin,netral
60,Slide terakhir pengen nangisðŸ˜¢,negatif
29,Wkwkwk angkringan lainnya cmn 2rb an:),positif
782,Ude pernah ye @generasi.meecin,positif
35,Rumahnya bagus klasik ðŸ˜,positif
1826,slide ke 3 gerak ya apa aku aja yg lihatðŸ˜®,negatif
1060,@diarymisterisara,positif
358,Pernah nonton pas dirumah ini. Di DMS,positif
1123,@_bimaadwi owner,positif
1837,Ganteng banget astaga ðŸ˜­,positif
524,â¤ï¸,positif
737,Langgeng,positif
2137,poulie juga suka makan angkringan ðŸ˜,positif
265,â¤ï¸â¤ï¸â¤ï¸,positif
1212,Anak vertigo nyimak ðŸ˜¢,netral
1914,ih lucu sekaliyyyðŸ˜,positif
1300,Ini rumah yg pernah di datengin tim DMS Ya,netral
1768,gagah bgt siiiii mas abiiiðŸ˜­ðŸ˜­ðŸ˜­ðŸ˜­,positif
1999,damn cuteðŸ˜­ðŸ˜,positif
548,â¤â¤â¤â¤,positif
1662,Ini yg prnh di datengin sara kan,positif
887,@fatennabillah24 yuk ngabs jelasin,netral
2243,Aku anak indomie bgt lgðŸ˜¢,positif
494,@ii.naaa jd pgn,positif
580,Kaya gak asing tempatnyaðŸ˜‚ðŸ˜‚ @sarawijayanto,positif
1293,Ada orang tua ga sih wkwk @awkarin,netral
1482,Mirip banget kakðŸ˜‚ðŸ˜,positif
431,Awkwk Mas abi dan mba Karin makan sate,positif
1721,Luvvâ¤ï¸â¤ï¸â¤ï¸â¤ï¸,positif
1717,very interesting to try when visiting Jogja ðŸ˜,positif
212,ðŸ˜¢ðŸ˜¢ðŸ˜¢ðŸ˜¢ðŸ˜¢,negatif
1484,GODDAMN!!!ðŸ”¥ðŸ”¥ðŸ”¥,positif
1064,Cakepppp,positif
75,Aku jogja bantul pula tapi ga berani kesanaðŸ˜‚,negatif
1654,Mba sara pranh kstu gak sih klo gak salah,positif
1898,ng dms enek @ditaparamita1,netral
1031,@tim_jurnalrisa,positif
1961,Bkn ank indigo tp indihome,netral
247,â™¥ï¸,netral
1464,AKUUUU!!!ðŸ˜­ðŸ˜­ðŸ˜­,negatif
186,seremmm jirr,negatif
668,@almajid_antik_,positif
1187,Tadi aku kang parkirnya,netral
8,woi pgnðŸ˜­,positif
1790,awkarin makan sate cakep!!!,positif
1945,"Vibenya kerasa bgt,merinding",negatif
1627,@nurafnilubis_ aghhðŸ¤¤,positif
1386,Jawab @itsme.frisllyherlind ðŸ˜,netral
1105,Miripp ihh,positif
1829,Gantengâ¤ï¸,positif
1887,@deviliaadp,positif
1124,ðŸ˜ðŸ˜ðŸ˜,netral
445,"Slide ,3,4,7 langsung merindingðŸ˜¶",negatif
1901,Ni baru angkringaaaan @niraadriana_,positif
464,Badalaa.. gone serem tenanðŸ˜®,negatif
455,Foto slide terakhir paling serem,negatif
2277,ðŸ‘,positif
999,tiap slide fotonya sambil merem merem ðŸ˜,negatif
1538,@pinkan_n_a rame bngt woi,positif
1646,Itu ga masuk angin apa ka?,negatif
752,I see ðŸ‘€,positif
2240,Foto pertama ada di kiri dkt pintu,netral
533,Aa kgnn bgt makan iNIIiww,positif
243,Ini yg ada di yt nyai sarah wijayanto ga sih?,netral
401,Yok buruan order tahu baliknya....,positif
1633,@angkringancakjess ðŸ”œ,positif
244,pusing banget liat nya aslii,negatif
1368,L.â¤ï¸,positif
2044,@farizanrrhm skuy,positif
450,MerindingðŸ˜¢,negatif
2004,Lu cocok rin ama dia wkwkðŸ”¥ðŸ”¥,positif
2193,kenapa bacanya terapi:(,netral
285,@_serlyma cedakmuuuuuu,positif
471,Kamar sihh auranya,positif
1326,ðŸ˜®,netral
2234,Di jakarta 2000an kak wkwkwk,positif
871,Deg deg an liatnya,negatif
1317,Kayak tmpt syutingnya sara wijayanto thn lalu,positif
611,ðŸ˜,netral
426,Kota gede yaaaa?,positif
1184,â¤ï¸,netral
1593,Ke tempat syutingnya perempuan tanah jahanam,positif
1014,Creepyyyyyyyyyyy,negatif
1343,Udah pernah nton di diary misteri sara.,netral
1564,@marviana_risty,positif
1616,"Aaaa ada d Jogja ka:"") i wanna meeeett uuuðŸ˜¢""",positif
1257,@tim_jurnalrisa kesini dong kakðŸ§ðŸ»â€â™€ï¸,positif
1259,Cocok bangetðŸ˜ðŸ˜,positif
1519,Betul kakðŸ˜ðŸ˜ðŸ˜ðŸ˜,positif
678,merinding,negatif
1044,kyooodddðŸ˜,positif
2262,@risa_saraswati @indyratnap,positif
943,@herimochtar90,positif
1218,Sewa mobil ready all unit kaka,positif
1065,Biasanya kalo mirip jodoh,positif
1926,Secantik itukah diirimu??,positif
1537,@vintaaprl,positif
49,Wow,positif
540,ðŸ˜ðŸ˜ðŸ˜ðŸ˜,positif
110,ðŸ˜ðŸ˜ðŸ˜,netral
510,slide ke 5 ðŸ™ƒ,netral
44,kangen jogjaðŸ˜­,positif
1115,ðŸ˜­ @oktaviafauzatur,netral
1530,pak pongðŸ‘ðŸ‘,positif
78,@ifalafff,netral
269,@panianggr,netral
1240,serem,negatif
826,Rin ayo dong main bareng @tim_jurnalrisa,positif
313,Slide 4ðŸ˜µ,positif
2255,Mirip awkarin 2017 sumpa,positif
911,â¤ï¸,positif
1952,@nrlsknh13 Tolong anak indomie,netral
338,Mirip bangett,positif
466,ðŸ’—,netral
1998,Harga per jeep atau perorang kak?,netral
363,KANGEN JOGJAðŸ˜­ðŸ˜­ðŸ˜­ðŸ˜¢,positif
1439,Dah lah dah lah #menujuhalal,negatif
2155,@fathurshafly,positif
1702,Masih dijogja ga kak?,netral
1094,foto ke 3 pas liat ngerasa sesk gatau kenapa,negatif
1748,@tim_jurnalrisa,positif
1034,Kakk lagi di jogja?,positif
685,aku org jogja tp blm pernah kesanaðŸ˜¢,negatif
2290,Terlalu gemasâ¤ï¸,positif
1322,ðŸ˜³ takut,negatif
83,Mas abi,netral
2107,ðŸ’žðŸ’žðŸ’žðŸ’ž,positif
1088,@napiatn monggo napia dilihat,positif
2077,â¤ï¸,netral
2249,Kok puyengðŸ¥´,negatif
919,@agungrizki10,netral
1678,@muhammadrasyidocid,netral
1494,keren,positif
1281,ðŸ”¥ðŸ”¥ðŸ”¥ðŸ”¥,positif
205,ke nepal van java donh rin,positif
328,Aku yg baca caption ny langsung merinding ðŸ¥º,negatif
808,mlm mlm makinðŸ”¥,positif
1196,Keliatan kok itu,positif
1057,Bikin pusingðŸ˜¨ðŸ˜° @diarycewekindigo,negatif
1775,Firsttâ¤ï¸,positif
528,cantik pol,positif
656,Bakmi gandhok pls itu bakmi jawa enakðŸ˜­,positif
2145,Slide 3,positif
2182,Cutieâ£ï¸,positif
858,Aku nggk berani kak ðŸ˜¢,negatif
844,Tau tempatnya dari DMSðŸ”¥,positif
1767,"Rin , babang ny buat aku aja boleh gk?",netral
879,Creepy tapi keren tempatnya,positif
1988,@nggeksetiawan ono GRB-X nggex,netral
472,@arobby_ yuk ke sini di jogja,positif
1993,Dikasur nya ada yang lagi duduk ):,positif
131,Deket rumah aku inii,positif
1039,ðŸ˜ðŸ˜,netral
439,@risnaayu98 @dinarsuryadhi,positif
849,merinding pls,negatif
2238,TBL TBLðŸ˜¬,positif
476,Kak karinðŸ˜,positif
904,Dms pernh shoot lokasi ini,positif
853,CutieeeðŸ’›,positif
1736,@widiaak_ gini ay,positif
129,Pernah buat shooting @diarymisterisara ðŸ˜‚,netral
1682,Gasss g nih? @rriiaaa2_ @anisaapr.54,positif
103,Hmm bisa bisanya berdiri disudutðŸ˜¢,negatif
1835,Mas abi ðŸ˜­,netral
1084,@sellasyhftr21,positif
784,@dvftraaaaa_  mau coba g?,positif
1383,ðŸ’›,netral
969,Yang ngefotoin siapa kak,netral
1688,Aw aw apa yg keren @awkarin ðŸ˜š,positif
165,mirip,positif
1733,@azputrii_,positif
1260,WawwwwwðŸ¥µ,positif
907,Udh nyoba.emg enk bgt!,positif
1545,Take me here @ferialarafat00 ðŸ˜,positif
349,Pernah nonton di. Ytub nya DMSðŸ˜,positif
1955,muka kk karin bedaðŸ˜­,netral
371,Bajunya kakak ðŸ¥°ðŸ‘—,positif
2211,Sumpah liat ini mual,negatif
1430,Berani dong rinn,positif
1276,@farahafiza24 @yunindra_ yuk yuk,positif
507,Yahhh d corat/coret yaa rin,negatif
1680,Cobain sate petir pak nano!!,positif
395,ðŸ˜ðŸ˜ðŸ˜,positif
625,ndak tauðŸ˜ª,negatif
695,Aku firsttt kaðŸ˜,positif
1944,@alwyoemar_,positif
761,TBL ðŸ¥º,negatif
1414,Tiaraaa @diarycewekindigo ðŸ˜‚,positif
263,"Tentang Kak karin, sate dan kak abii",positif
2183,Yummyyy bangetðŸ¤¤ðŸ˜ðŸ˜‹,positif
846,Setiap ke jogja mau ksini gagal mulu kesel ðŸ˜­,positif
783,merinding,negatif
645,â¤â¤â¤â¤â¤â¤â¤â¤â¤,netral
2138,ðŸ˜®ðŸ˜®ðŸ˜®,netral
2254,Ak nangis,negatif
771,disini kan ada kamar yg gaboleh dibuka,negatif
2216,ini kapannn,netral
51,Cuma anak rumahanðŸ˜ž,netral
2210,kgn bgtðŸ¥ºâœ¨,positif
493,Kakaaaaâ¤ï¸â¤ï¸,positif
601,ðŸ’–ðŸ’–ðŸ’–ðŸ˜­,netral
2248,@raflirm_  coba liat,positif
1571,ðŸ¥°,netral
1121,Mampir rumahku sini rinðŸ˜‚,positif
993,Vibes horor tapi aesthetic,positif
1035,Kangen jogjaaa !!,positif
1971,Sakjosee tnn sampean mbakðŸ˜³ðŸ˜ðŸ’“,positif
238,ðŸ‘,positif
97,Aku dijogja ngk sempet noba,negatif
779,Cocok bngtttðŸ˜,positif
1885,@mhmd_fajarabdn,netral
111,â¤ï¸ðŸ˜š,positif
1220,â¤ï¸â¤ï¸,positif
183,@tim_jurnalrisa dateng kesini atuh,positif
2164,GEMESHHHHHðŸ˜ðŸ”¥,positif
1268,@diarycewekindigo,positif
613,Ini kan yg pernah di datangin @sarawijayanto,positif
1473,lebih merinding buka dompetðŸ”¥,negatif
1958,ðŸ˜³ðŸ˜³ðŸ‘»,negatif
1490,Makanan Indonesia tetap terbaikðŸ¤¤,positif
81,ko kita ga ketemu wkwk,netral
484,@sarawijayanto mamiihhh wajib kestuu nelusurðŸ˜,positif
397,Yaampun keren bangetttt ðŸ˜ðŸ˜,positif
1291,Happy ending ðŸ¤²,positif
1892,Kapan jogja lageee,positif
1994,@itsme.frisllyherlind,positif
1821,Ada anak kecil itu,netral
1911,ðŸ˜,positif
1807,Dimana rin?,netral
88,mari kita nabung @sanayakrns,positif
38,Mirip yaallah wkwk,positif
1849,Sah,positif
1432,yuk @fzakmal,positif
571,Ih mirip.. sumpah ðŸ˜,positif
2006,ðŸ˜ðŸ˜ðŸ’¯,netral
1516,"I saw her Face , mba Ayu ðŸ˜¢",netral
934,ko pertama liat gue bacanya terapi yahðŸ˜­,negatif
1318,R8,netral
261,nyi roro kidul,netral
1290,Keanu said : hanya imajinasiðŸ˜­,negatif
1440,Liat slide ke slide aja bisa merindingðŸ˜¢,negatif
514,Knp ye suka bgt ngeliat mreka bdua,positif
599,ganti pacar lagi ? ðŸ˜‚,negatif
356,@muhammad_nurhamit,positif
608,Hampir tiap ke jogja ke sini,positif
1714,UnchhhhggðŸ‘ðŸ‘ðŸ‘,positif
239,rene ye muk @iqbal.bili ðŸ¤­ðŸ¤­ðŸ¤­,positif
1223,Cute bgt kak Karin â¤ï¸â¤ï¸,positif
1474,lu diem di angkringan aja cakep rin heran ðŸ˜­,positif
1831,Kenapa pas kita kejogja gak kesini @gogotbs,positif
119,"mirip wajahnya, semoga berjodoh ðŸ˜",positif
1649,ðŸ˜ðŸ˜ðŸ˜,negatif
1455,io,netral
751,@elizaaap @winaaass @hi_winii @slv_claudia,netral
2131,Tibatiba pusing mendadak :( gatau kenapaaa,negatif
374,ðŸ’–,netral
2266,"Porsi setengah,dan porsi satuðŸ¤£",netral
1067,berapa jam nunggu nya?,negatif
1321,ku pikir ini siapaaaaa,positif
1125,"Plisss, kali ini jangan sampai lepasðŸ˜©â¤ï¸",positif
2245,Gemesh sama pipi karin skrg ðŸ˜‚,positif
2040,@tim_jurnalrisa kesini dongg,positif
1158,Langsung bulan besok rin,netral
1675,Ko yo ora mampir to kak..,positif
729,ðŸ˜ðŸ”¥,positif
410,KotagedeðŸ”¥,positif
1668,@sifafaujiah_,positif
1391,First,positif
2058,Lucu nih di bikin cafe estetik ....,positif
1224,"Hehehehhehehe, cukup sampe slide 4 aja. Heheh",negatif
1089,Foto lama ya kakkk kayinnnðŸ˜‚ðŸ˜‚,negatif
2098,MerindingðŸ˜¢,negatif
1191,@risa_saraswati ka coba kesini,positif
867,@marcelinashellyy gabung yuk. Deket.,positif
1296,ðŸ˜,netral
2153,Di angkringan aja tetep cakeup dan estetik,positif
382,Kembar bgt sii heran,positif
2162,wah ra mampir umahku,negatif
1553,Wah kasurnya,netral
541,@tim_jurnalrisa,netral
1615,Serem tapi estetic @__sakinahhh,negatif
2000,Angkringan mmg terthebestt!ðŸ˜,positif
1320,Yang di diary misteri sara ya,positif
1841,Mantap ðŸ˜,positif
1974,Cek ig kita yaa,netral
188,Mba Suminya keliatan dong :(,negatif
681,Nunggu berapa jam?ðŸ˜‚,negatif
1274,Kapan nih @eik_kaplale,netral
1478,Mirip banget mukanya kakak ðŸ’“ðŸ’“,positif
316,Pantes cantik bru 18thn,positif
1238,Cobain sate Pak Bari ðŸ”¥ðŸ‘,positif
123,Aduh bikin ngilerðŸ˜¢ @awkarin,positif
1691,ðŸ˜¢,negatif
874,ðŸ˜ŠðŸ˜Š,netral
660,â¤ï¸â¤ï¸,positif
531,Ada apatu @riantubagus0,netral
255,wenak bgt ini mah,positif
1054,ðŸ˜,netral
662,Ga berani ngeslide,negatif
1979,â¤ï¸â¤ï¸â¤ï¸,netral
230,@explorekotagede,positif
901,â¤ï¸â¤ï¸â¤ï¸â¤ï¸,positif
1647,aaaaðŸ˜,positif
765,yaampun serem banget dompet akuðŸ˜¢,negatif
1695,Mas abi,netral
1715,Itu foto pak soekarno ga si?,netral
380,slide terakhir ðŸ¥²,positif
1870,@ieynahulopi,positif
864,sukakkkkðŸ˜,positif
1288,ðŸ˜±,negatif
787,Deket rumahkuðŸ˜­,positif
101,Jogja im in loveâ¤ï¸,positif
1984,ðŸ’–ðŸ’–ðŸ’–ðŸ’–,netral
2015,jogjaaaahhhh,positif
1595,Pernah didatengin Ama dms kayanya ya...,positif
1957,Kangennn jogja kangen makanan2 nyaðŸ–¤,positif
1742,Nyesek dari dada ke leher,negatif
877,Dewi fortuna turun dari kayangan ðŸ˜‚,positif
1620,MiripðŸ˜€,positif
675,Merupakan adalah daging kambing,netral
566,Merinding bgt,negatif
290,juaraaaakkkðŸ˜â¤ï¸ @awkarin,positif
2126,â¤ï¸â¤ï¸â¤ï¸,positif
798,damn,positif
523,@dendyaryo,netral
626,â¤ï¸,netral
495,Covookk,positif
2149,yuk bisa collab yukðŸ™Œ @tim_jurnalrisa,positif
158,ðŸ˜ðŸ˜ðŸ˜ðŸ˜ðŸ˜,positif
790,ðŸ’–,positif
2091,Liat foto dia g udah merinding bgt ðŸ˜¢,negatif
1941,Peninggi ginjalnya kak,positif
366,Salfok sama keanu wkwk,netral
1476,Setujuuuuuuuuu,positif
228,Aku kngnðŸ”¥ 5k dpt nasi 2ðŸ˜‚,positif
912,Gw liat fotonya aja merinding banget ðŸ˜Ÿ,negatif
417,sabian ganteng,positif
1230,â¤,positif
742,Kliyengan abis liat fotoÂ²nya... ðŸ¥´,negatif
79,Pusing pala asli,negatif
1214,gampanglah,positif
492,ðŸ˜,positif
1169,@tim_jurnalrisa  kesini dong gengs,positif
2236,Wohooo,positif
2064,Sering lewat huhu,positif
1342,@bellabe_19,netral
824,â¤ï¸,positif
1761,ðŸ”¥ðŸ”¥ðŸ”¥,positif
1791,ðŸ’™ðŸ’™ðŸ’™,netral
1168,@tim_jurnalrisa,positif
2099,Kalo kesana bayar ga ka?,netral
2042,Beby nak nih @tipeng_gluwer,positif
1793,Rumah pociiðŸ˜¢,negatif
1024,kyk yg dibuat syuting perempuan tanah jahanam,positif
413,@tim_jurnalrisa,positif
592,ðŸ˜ðŸ˜ðŸ˜,netral
1727,@sarawijayanto,positif
1655,Ko mirip siðŸ˜,positif
2116,ðŸ˜ðŸ˜ðŸ˜ðŸ˜,netral
1178,Kok aku pusing ya,negatif
1794,MAKANAN JUARAAAðŸ˜­ðŸ˜­,positif
1372,Cocok bingiddssðŸ˜,positif
127,kirain nyi roro kidulðŸ˜­â£ï¸,netral
1856,Slide 3 creepy nya juaraðŸ˜®,negatif
1923,@ssblla cb bil jwb bil dmn,netral
1533,Pacar baru?,positif
403,@kisahyanglain @haa.lahh ayookk gas,positif
150,tempat bermain yaaa kak ðŸ™‚,positif
346,Itu @keanuagl ngapain si,netral
1437,Yang dari tanah akan kembali ke tanah â¤ï¸â¤ï¸â¤ï¸,netral
1693,SUMPA TENGKLENGNYA JUGA ENAKKK BGTTT,positif
394,Cocok,positif
62,@ade_melugi @inabundaaisya  berani?,positif
1860,Makanan indonesia enak enakðŸ˜,positif
208,Langsung merinding sampe geter badankuðŸ˜¢,negatif
496,@diarycewekindigo,positif
352,mommy ðŸ˜­ðŸ˜ðŸ˜ðŸ˜,positif
95,Merapi ora njebluk tp lg mbangun,positif
1061,Amazing eqeqeqq,positif
1509,â¤ï¸ðŸ”¥,positif
959,Ko jadi pusing liat nyaðŸ˜¢,negatif
143,ðŸ‘ðŸ‘ðŸ‘,positif
2016,Totalitas @ummikhasyati_ @whutymeidilla,positif
1182,ngumpul semua digenteng ya shayðŸ¥²,negatif
1585,Kerasa bgt horornya,negatif
1787,Dada ku tbtb sesek  liatnyaðŸ¥º,negatif
1237,Mas abi bisa mampir kekosku bentar looohðŸ˜‚,negatif
1554,Mampir jalan kaliurang lah kak @awkarin,positif
236,Merindinggggggg,negatif
222,Yaelah w liatnya pas tengah mlm lg:),positif
2285,Sumpah mirip,positif
345,@ansfebrany silahkannnn ðŸ˜¬,positif
120,Saya yg bahagia melihatnyaðŸ˜,positif
588,o,netral
559,Kok sekilas kek putri duyung tanpa ekor yaðŸ˜…,positif
332,Jogjaâ™¥ï¸,positif
1086,Enakk bgttt in gak ngerti!!!?ðŸ˜©,positif
2159,Waaaaaawwww ðŸ‘ðŸ‘ðŸ‘,positif
193,@haaaqik,positif
235,Sate kesukaanku â¤ï¸,positif
181,mirip juga kalo diliat liet ey,positif
628,â¤ï¸ðŸ‘,positif
389,ðŸ˜,positif
968,Buset dari blakang lebar bat lu rin,negatif
1724,Kak karin kejogja?,netral
669,â¤ï¸â¤ï¸â¤ï¸,netral
2225,â¤ï¸â¤ï¸â¤ï¸â¤ï¸,positif
1603,Gw pernah kesana dong!ðŸ˜­ðŸ˜­ðŸ˜­ðŸ˜­ðŸ˜­ðŸ˜­ðŸ˜­ðŸ˜­ðŸ˜­ðŸ˜­ðŸ˜­,positif
1824,Samping kiri karin kenapa gelap kali ðŸ¥º,negatif
370,ðŸ˜­ðŸ’“ðŸ˜,positif
1406,Yang laki siapa kak?,netral
1365,Langsung sesek napas dong ðŸ¥´,negatif
1394,@jack.harjo kita blm ksiniðŸ˜­ðŸ˜¥,negatif
331,Indomie,netral
614,Rumah pocong bkn sih ??,negatif
1286,Mirip deh wajahnyaaaa,positif
1030,ngeliat slide yang ke-3 langsung sesek nafasðŸ˜–,negatif
266,ðŸ˜‚,netral
1062,â¤ï¸â¤ï¸,positif
2271,Pengen dong di endorse ðŸ˜‚,positif
545,wahh selamat mengeksplor Jogja kakâ¤ï¸â¤ï¸â¤ï¸â¤ï¸,positif
1142,Rin ini endore gak?,positif
1591,Aku liat foto slide terakhir berasa sedihðŸ˜¢ðŸ˜ž,negatif
105,Karin hebat gada takut2nyaâ¤ï¸,positif
1875,GRB-X ðŸ”¥,positif
1508,Colab? @tim_jurnalrisa,positif
128,@briaaan05 km berani???,positif
630,ðŸ’–ðŸ’–,positif
683,ga beraniliatstorylu rin,negatif
20,Emanggg nikmaadddd betulllðŸ’•,positif
870,Bantul?,netral
242,@book_of_nena_,positif
50,Kita pernah kesini kan @rumiyatunpujilestari,positif
1186,@rinarwj ðŸ™„,netral
915,Lihat fotonya aja uda merinding loh ðŸ˜®,negatif
441,@ricky_lie27 tolong di explore,positif
707,Slide terakhir ðŸ˜–,netral
1679,ðŸ˜,netral
1843,Mantan gue niâ¤ï¸â¤ï¸â¤ï¸,positif
822,"Sy menu paling bawah aja...""Es jeruk""""...ðŸ˜‚""",netral
301,â¤ï¸,netral
172,@team_jurnalrisa penelusuran kesini plis,positif
284,ðŸ˜˜m,positif
1258,Mirip masa depan ku,positif
1575,Order pempek & tekwan yuukk,positif
920,ðŸ˜˜,positif
1433,Cakep anjgðŸ˜,positif
2188,penasaran!!,positif
734,Mantab @awkarin  smpai bantulðŸ˜,positif
1234,ðŸ˜ðŸ˜,positif
344,Nga ena,negatif
306,Miripppppp pake bangettttðŸ˜­,positif
2136,Fokus aku ke @keanuagl ðŸ¤£ðŸ¤£ðŸ¤£,positif
2280,Shoulder bag murahhh nya sis,positif
922,Udah pernah kesitu gw wkwkwkðŸ˜‚ðŸ¤£,positif
1313,Cantik banget sihðŸ˜,positif
1402,MiripðŸ˜­â¤ï¸,positif
2167,Ini yg di datengin sama DMS,positif
167,â¤ï¸â¤ï¸â¤ï¸â¤ï¸â¤ï¸,positif
421,Cantik terusðŸ–¤,positif
225,@dwiyantimarcelina @mutiarmdh kgn bgtðŸ˜­,positif
12,Hampir mirip sm rumahku kak,positif
1546,Waduhh tertarikkkkkk.,positif
2286,Duuuh kangen jogja bangeeetðŸ˜©ðŸ˜©ðŸ˜¢,positif
1092,yah burem,negatif
90,AjibbbðŸ‘,positif
1962,Aaaa cantik sekaliðŸ˜,positif
2087,Cocok,positif
1404,Ada yang duduk di slide 1,netral
857,wuuuwðŸ˜»,positif
876,Aku aja yang daerah jogja gaperna kesitu :v,negatif
1396,â¤ï¸,positif
1282,@irsemoticon mau kesini juga ðŸ˜‘,positif
777,@yhenisiwi  mba mbolll ngrti tmpt iki rung,netral
304,@nanndasa,positif
2242,@tim_jurnalrisa,positif
2007,#karin2020nikah,netral
2185,Slide 7 luaar biasa sumurr ituuu ðŸ”¥ðŸ”¥ðŸ”¥ðŸ”¥,negatif
28,Rumah poci bukan si?,positif
1990,Waaaa jadi pengen lagi ðŸ˜­,positif
1066,@indahaazzahra ??,netral
1232,Gemessssss ahhhðŸ˜­,positif
1924,kesini ni kalo ke jogja be @rian_stwnn,positif
2256,Slide ke7 bikin merinding sampai baliiðŸ˜‚,negatif
490,@ruventeuxy silahkan tunjukan pesonamu dd,positif
74,Apalaah daya aku yng cuma anak indihomeðŸ˜­ðŸ˜­ðŸ˜­,positif
515,Takut banget lochh ðŸ˜±ðŸ˜±ðŸ˜±ðŸ˜±,positif
1309,Kakaâœ¨,netral
2025,serem yaa hawanya beda gitu,positif
1095,Mirip banget kaya adik kakak,positif
561,uhhh,positif
179,suka,positif
109,Ayok awkarin beli maskenya,netral
1584,ajakin plisðŸ˜­ @lizagstn @ekaaa.sn,positif
1517,@naf.edelweis kuy?  Wkwk,positif
116,hay anak indiðŸ˜‚ðŸ¤£ @maafinya02,netral
293,Sara sechan pasti pernah ksini,netral
1100,#2020gantistatus,positif
1072,@billskyyy_ pliss,positif
643,Thankyou Rin ðŸ™Œâ¤ï¸,positif
772,Dan akan berakhir di tanah,negatif
2094,â¤ï¸â¤ï¸â¤ï¸,netral
1799,Moga ini yang terakhir ka karin @awkarin,positif
1356,Mirip bgt asleeeeðŸ˜ðŸ˜,positif
1600,@d.wahyuni_,positif
622,ðŸ’ðŸ’,positif
1588,Keeung,netral
498,ðŸ–¤ðŸ–¤ðŸ–¤,positif
2078,AKU BGT ! â˜¹ï¸,positif
409,Karin beranii tidakk?,positif
636,ini tempat main film yg wayang itu kan?,netral
1623,@indyratnap @risa_saraswati,positif
115,ðŸ’–ðŸ’–,netral
288,Iyah pernah ditayangin di @diarymisterisara,netral
886,ðŸ¥ºðŸ™,netral
1548,Mba Sumi keren bgt ya bisa mesen ojol,positif
1181,Muka jodoh ðŸ˜ðŸ˜ðŸ˜ðŸ˜ðŸ˜ðŸ˜ðŸ˜ðŸ˜ðŸ˜˜ðŸ˜˜ðŸ˜˜ðŸ˜˜,positif
337,Agendakan @nitakurniawt @eka.septiyana,positif
2072,KANGEN JOGJA BANGETðŸ˜¥,positif
2246,Banguntapan oyeaaaah! @noviananilaam,netral
1012,Kak plis cek dm,positif
1520,@zulkifliiskandarm @im.cimo @kayakoshi,positif
46,â¤ï¸â¤ï¸â¤ï¸,positif
747,@tim_jurnalrisa @risa_saraswati,positif
1864,Ganteng bgt mas abi,positif
753,bawa aku kesini mel @melinda.wari,positif
462,Aaaa rumah pocong sumiðŸ¥ºðŸ¥ºðŸ˜ðŸ˜ðŸ˜,positif
673,Aku kira mau D renov ðŸ˜,positif
1666,Jujur gue malah suka tempat kayak gini,positif
1463,Apapun yang di foto @awkarin buat ngilerðŸ˜¢,positif
1201,Serasiiii ðŸ’™ðŸ’™ðŸ’™,positif
1995,Cu bing bing,positif
2070,SUNG NIKAHHHHH LAHH KALIAN COCOK BET,positif
424,"Engga usah rin , makasih bnyak â˜»",positif
325,serem browww,negatif
664,Gatau pusing & mual liatnyaðŸ˜­,negatif
350,ðŸ–¤ðŸ–¤ðŸ–¤,positif
447,Angkringan â¤ï¸ðŸ˜¢,positif
1735,mulai laparrr,negatif
1041,HadirrrrðŸ”¥ðŸ”¥,positif
1221,Pusing liat nya wkwk,negatif
1830,GemeshðŸ’Ÿ,positif
1149,Luar biasa sekali ciptaanmu ya allahâ¤ï¸,positif
387,Gas yak bulan depan @desi_ventiana,positif
1369,ðŸ’“ðŸ’“ðŸ’“,positif
1861,Iflixnya kak 1 tahun 22kðŸ¦‹,netral
1337,Udh cocok bgt da,positif
754,@tata_sya17 apa yg kau liat nak,positif
138,ngangkring aja cakepðŸ˜­,positif
451,Spot paling seram di ranjang besinya ðŸ™‚,positif
1194,Gass is @nr.ismaaulia_ ðŸ¤­ sekalian uji nyali,positif
699,pgn mudik jdinya:(((,positif
1583,Best outfit ðŸ˜ðŸ˜,positif
1157,Pernah di yt diarymisterisara inii,positif
2122,@suryo.hadis,positif
1608,Ka karin knpa sih secantik itu parahhhðŸ˜,positif
830,F,netral
1102,Ini tuh film apa yaa,netral
950,ini udah pernah masuk di @diarymisterisara,positif
1019,@christin.evi bisalah di ceritakan,positif
2028,Ke sini .. biar syahdu ðŸ˜ @faizsaka,positif
1370,Kaos keren 35rb kak,positif
396,kak bikin vlog dong pliss,positif
1413,@cikaoct,positif
1409,big respectðŸ˜¢â¤ï¸,positif
1143,next trip bakal cobain kesanaðŸ˜,positif
2026,Gaskun kaaaa,positif
1177,Longlast karin,positif
1969,Tayang tayang akuâ£ï¸,positif
1253,ðŸ”¥ðŸ‡®ðŸ‡©ðŸ‘ðŸ¿,positif
2123,"Di slide pertama juga ada ko, pd liat ga?",netral
21,Sate kambing mbak bella juga mantep bgt!ðŸ˜­â¤ï¸,positif
1305,"2 tusuk 25k? mahal amat )"":""",negatif
766,ðŸ‘»,positif
392,ðŸ˜ðŸ”¥ðŸ’–,netral
250,Galau? Jogjain aja,negatif
1267,Ciye akhirnya di tag mas nya,positif
1918,Sate klathak terfav!!!,positif
1059,merinding,negatif
2057,ðŸ˜ðŸ˜,netral
671,Artinya apaan rin,netral
2166,ðŸ”¥ðŸ”¥,positif
845,@riofarllaso_ woiwoiwoi,positif
1937,Gemezzâ¤ï¸,positif
1758,Merinding,negatif
1353,READY VOUCHER GOJEKNY KAKðŸ˜ðŸ˜ðŸ˜ðŸ˜ðŸ˜ðŸ˜âœ¨âœ¨âœ¨âœ¨âœ¨âœ¨,positif
1133,Pernah ad d'DMS ka @sarawijayantoðŸ˜–,positif
1403,Kek lebih berkelas gitu skrg ðŸ’•,positif
869,Seremmm,negatif
1638,@iqbaldwiyantoo,positif
604,ðŸ˜ðŸ˜ðŸ˜,positif
1765,Mirip ihðŸ˜,positif
1725,foto yang terakhir tbl bgt,positif
627,Keanu jelek bgt,negatif
902,Angker rin,negatif
2239,Gatau kenapa mas abi cakep bangetðŸ˜­,positif
1606,Bener si abis liat foto nya pusing,negatif
856,Cutie,positif
1195,"LAGI DISKON GEDE! Kira"" aku jualan apa ya?""",netral
2289,SERASI!,positif
1262,@restyndrr_,netral
700,ðŸ’™ðŸ’™ðŸ’™,positif
1886,deh,negatif
2018,Haaa antrinya 1 jam tapi enak bgtðŸ˜‚,positif
709,Dikasur rin,netral
448,ðŸ˜»ðŸ˜»,netral
321,Awkarin makan angkringan astetik,positif
2056,Kayak yg pernah didatengin @diarymisterisara,negatif
696,Jirr ada tembok,netral
1179,Jatuh.....jatuh....jatuh...ðŸ˜‚,negatif
2127,yg nonton dms pasti udah tau,positif
624,cocokkkk kapan sebar undangan?,positif
2142,@tim_jurnalrisa,positif
125,Merinding akuðŸ˜¢,negatif
1011,ADEM BANGET LIAT NYA,positif
1480,GEMESSSSS,positif
1090,@itsme.frisllyherlind,positif
848,Fiks nomor 3:)),netral
780,huhuuu aku aja cuman lewat kak,netral
1697,Lahhh bacanya tengah malem gini yak,negatif
1650,Istimewah nya Daerah Ini ðŸ˜,positif
605,@izzatulhanifah42 cba tebak za,netral
174,ðŸ˜ðŸ˜ðŸ˜,netral
2075,Tak ngapuro mbah,netral
1202,Pasangan yg kemarin sudah cerai yaðŸ˜,negatif
2092,Rnd jogja :(,positif
415,nur kesini aj @hiii.beach,positif
100,ðŸ˜»ðŸ˜»ðŸ˜»ðŸ˜»,netral
1270,Ini foto mama waktu galau nak,negatif
2241,Gk doyaannn amiisss ðŸ˜­ðŸ˜­,negatif
741,Kesini dong kak @tim_jurnalrisaðŸ˜‚,positif
334,enak banget ini kaaa demi apapun,positif
2082,"Slide 1 ada penampakan ya, ðŸ˜‚ âœŒï¸",negatif
1138,ðŸ’œðŸ’œ,positif
834,@tim_jurnalrisa @risa_saraswati sabi lahhhðŸ˜,positif
1705,ðŸ”¥ðŸ”¥,positif
833,Ini yg dulu tim jurnalrisa pernah kesitu,netral
1244,Cocok abisssðŸ˜,positif
1415,@sarawijayanto ðŸ‘,positif
594,AAAAA KNPSI KAN GUE JG JD MAU KE JOGJA HUAðŸ¥ºðŸ¥º,positif
939,â¤ï¸ðŸ”¥ðŸ”¥,positif
1333,Bacanya nusuk banget ðŸ˜­,negatif
2156,i ship u both 4ever!!! amiinn,positif
169,ðŸ¥ºðŸ¥ºðŸ¥º,netral
1551,Slide ke 3 paling kerasaaaaaðŸ˜²,negatif
1803,Take me @massudar_26 yaa,positif
1269,awkuliner ðŸ˜,positif
1709,Aduh mas abi ðŸ˜ðŸ˜ðŸ˜ðŸ˜ðŸ˜ðŸ˜,netral
1542,beuhâ¤,negatif
2229,kesini ya nanti lu @asridwiwiw,positif
1857,ðŸ˜˜ðŸ˜˜ðŸ˜˜,netral
1418,@wnztri ðŸ˜¬,positif
640,Sukakkâ¤ï¸,positif
104,Baru sekarang di upload,netral
815,Ini rumah pocong sumi,netral
2154,Mbk soomi pasti dari Korea ðŸ˜¢,netral
1597,Uwu,netral
1982,"Aura Karin beda,kek serem gimana gitu.",negatif
998,merupakan adalah,netral
1075,Hy,positif
1626,@safiafabi bepi takon adimu wkwk,positif
1378,Mencekam banget :'),negatif
719,Lope you KarinðŸ’‹,positif
460,Habis dari sini wajib bgt pijet ðŸ˜‚,negatif
1046,Kapan weki neng tuguuu ðŸ™„,netral
1398,ðŸ˜˜ðŸ˜˜,positif
1562,Tasnya mao jatooh kak,negatif
1242,"pipinya,bahagia bgtðŸŒˆ",positif
585,Untung aku anak Indihom ..,positif
1816,Liat nya aja udh merinding ðŸ˜©,negatif
1836,Langgang ka kayinn,positif
1389,Mulai dari 1000an kak ðŸ™‚,positif
1438,mas abi porsinya banyak juga wkwk,positif
1229,@abbi_suryo kamu tau tmpt ini gak?,netral
1522,ini prnh di telusuri DMS kann?,netral
497,@nurfaida__ baru ngomongin kemaren humm,positif
1540,@kayliazmi_ ceritain dong ada apaaa,netral
702,Angkringan Mang Udin di Jl. Pramuka the best,positif
1700,ðŸ’™ðŸ’™ðŸ’™ðŸ’™ðŸ’™,netral
375,Kali ini wajahnya mirip @awkarin ðŸ¤­ðŸ¤­,positif
975,Ko liat foto ya nyesek yaðŸ˜¢,negatif
1209,cuy ini bukan @annisfauuz ðŸ˜¢,positif
2279,Deket dari rumahku nihðŸ˜,positif
404,Maniss bangetâ¤ï¸,positif
1730,Jogjaâ¤,positif
419,ðŸ”¥ðŸ”¥ðŸ”¥,positif
1425,"Slide ke 3,5 ama terakhir...ehehe",netral
1852,Fiks mirip,positif
93,wowwww,positif
1465,Kamu kapan ?!!! @cangkitung,netral
1156,Jadi Inget perempuan tanah jahannam,positif
1769,first,positif
173,â¤ï¸â¤ï¸â¤ï¸,netral
690,bagi dong ka aw,positif
827,@tim_jurnalrisa @risa_saraswati,positif
428,Coba jelaskan dek @helsarianty_25 ðŸ˜‚,positif
1912,Gemeshhh!â™¥ï¸ðŸ˜ðŸ˜,positif
1139,Slide terakhir ðŸ˜¢ðŸ˜¢ðŸ˜¢ ga tega ðŸ˜¢,negatif
32,sukaa captionnyaaa,positif
718,Galupa dan ini harus @fisemil98,positif
282,J,netral
1935,"Makasih deh, gamau dielus.",positif
1120,"gataulah males, w seneng beud liatnyaðŸ˜­",positif
1959,@rahmanhanan_,positif
635,OTW,positif
738,Caption needed,positif
499,NIKAH NIKAH NIKAH NIKAH NAPAðŸ™ðŸ˜­ðŸ˜­ðŸ˜­ðŸ˜­ðŸ˜­,netral
1098,ðŸ’›ðŸ’›,positif
1113,ðŸ˜­ðŸ˜­,negatif
1574,ðŸ˜®ðŸ˜®ðŸ˜®,negatif
691,Sumpah iya cakepp parahhhhðŸ˜©ðŸ˜©ðŸ˜,positif
1917,gemayðŸ˜­â¤ï¸,positif
0,aku anak indomie hadir,netral
1582,Muka nyaa mirip semoga jodoh ka â™¥ï¸,positif
1707,cubatttt,positif
1416,@risa_saraswati,positif
1500,cek igku yuk,positif
1173,Tebak aku jualan apaa??,netral
1543,Karin cakep amat dah ðŸ–¤,positif
926,@tn.arief,positif
1131,manusia satu ini ngambil sate aja cantik bgtðŸ˜­,positif
1371,as always sate klathak wkwk,positif
1669,Di jadiin cafeðŸ˜‚ðŸ˜‚,positif
2039,kesini yu sayanggg @chandraaditya2 ðŸ˜,positif
1247,@cafe.latteh apakah adaa? Wkwk,netral
2045,mau bikin pelangi ? @keanuagl,positif
327,semoga dilancarkan sampai akad. aamiinðŸ’žðŸ‘¼,positif
102,So proud of you â¤ï¸,positif
1347,Slide ke 3 aurany ðŸ¥²,negatif
1644,Mbah marijan ðŸ˜¥,positif
1499,Itu tadinya rumah apa?,netral
213,ðŸ˜ðŸ˜,positif
2297,Kangen ke jogjaðŸ˜­,positif
1159,Pecahhh,positif
852,Mudik slalu kesini... the best,positif
246,Cocok,positif
72,Aku yg asli Kotagede kagak berani kesono,negatif
2069,Manis banget senyum nyaðŸ˜ðŸ˜ðŸ˜ðŸ˜,positif
2192,Ganti lagi kak ? @awkarin,negatif
1671,Cek postingan gua woy ada si jamet beraksi,negatif
1948,Anjaii @diippeee,negatif
2111,Lihatnya kok deg-degan ya ...,negatif
1461,AsiknyaðŸ˜ðŸ˜,positif
1225,@febykagreta,positif
365,Buat syuting film cocok banget iniðŸ”¥,positif
248,miripppppðŸ˜ðŸ˜ðŸ˜ðŸ˜,positif
736,Kuliner wajib jogja daerah selatan ðŸ˜,positif
26,Rumah pocong sih ini ....,negatif
836,@ussfeeds,netral
2049,Asli langsung pusing lihatnya,negatif
1441,@karisakais liat apa hayoo,netral
444,Lets go my home ðŸ”¥ðŸ˜‚,positif
680,Aku mah apa cm anak indomie.. ðŸ˜”,negatif
1989,Case customnya kak,positif
1250,Sumpah liat ini pgn bengawan @auvisqaaa,positif
3,"Ini tempat yg pernah didatengin DMS itu, kan?",positif
134,Wow 10menit:),positif
837,10 menit??? 10 detik aja gamau disana :'),negatif
355,yaampunðŸ˜,netral
292,Di slide 3 ehem ada perasaan aneh hehe,negatif
698,Tempatnya serem ðŸ˜¢,negatif
1048,Mampir ke solo ka ðŸ˜…,positif
2130,kukira uda gabole dimasukinðŸ¥²,negatif
2199,@ifaa.sr pernah kesini?ðŸ˜‚,netral
369,Awseremmmm kek nya seruuu nich ðŸ˜­ðŸ˜­ðŸ˜­ðŸ”¥,positif
2014,First ðŸ”¥,positif
1252,"galau baliin aja, seneng jogjain aja..",positif
2158,Slide terakhir sedihnya sampe ðŸ˜¢,negatif
1667,pengen di elusÂ²ðŸ™Œ,netral
1249,Ini yang ada di podcast nya sara Wijayanto,positif
226,Kotagede ðŸ‘ðŸ‘ðŸ‘,positif
1866,Main film nih,positif
1393,ðŸ˜ðŸ˜,netral
1298,â¤ï¸,positif
1868,Semoga lancar sampai hari H ðŸ˜‡ðŸ˜˜,positif
339,Mirip bgt anjay,positif
1443,Koq agak mual pusing,negatif
2139,Azeeqq,positif
603,anjaee mae,netral
1468,Pengen nangisðŸ˜Œ,negatif
1289,ðŸ˜ðŸ˜ðŸ˜ðŸ˜ðŸ˜,positif
454,ðŸ˜˜ðŸ˜˜ðŸ˜˜ðŸ˜˜,netral
63,ðŸ˜,positif
1579,Bidadari bumiðŸ”¥,positif
1883,Apa cuma gue yg liat mereka mirip? ðŸ˜•ðŸ˜…,positif
990,@jdykrnwn_,netral
1384,MerindiingðŸ¥ºðŸ¥º,netral
237,SerasiiiðŸ”¥,positif
650,Jangan ganti lagi plis,negatif
112,@aistiiiiii,positif
2284,ðŸ˜,positif
1348,@fikriro_  kesituuuu,positif
804,Dek karin sayang...,positif
1556,@fathur_rr22,netral
577,Karinâ¤ï¸â¤ï¸â¤ï¸,netral
1834,â¤ï¸â¤ï¸â¤ï¸,positif
126,"mas abi,,,,,",netral
1283,Jogja ðŸ‡®ðŸ‡©,positif
1008,Cocok kalian berdua cuteðŸ˜˜,positif
1909,Cuma liat ekor ularðŸ˜¢,negatif
2132,Tolooong collab sama @awkarin,positif
1745,FirstðŸ”¥,positif
2053,Salfok ke kak @keanuagl ðŸ˜¬,positif
2104,Mirip banget kalianðŸ˜,positif
851,KerennnnnnðŸ˜,positif
2252,itu nahan posenya capek gak kakðŸ™ˆ,negatif
694,@diarycewekindigo ðŸ™ðŸ™,netral
137,ini yg di telusuri nyai sara kan yaa,positif
1009,AminnnðŸ™Œ,netral
617,Apa cuman gw liat penampakan yg di falfonðŸ˜¢ðŸ˜¢,negatif
7,PENGENN,positif
502,Dingin bgt auranyaaa ðŸ˜¢,negatif
854,ðŸ‘,positif
947,"pundakku sakit, sesek nafas. ðŸ˜¢",negatif
631,Canciiiii,positif
1845,Mesen ojol gimana caranyaðŸ˜¢ kan ga punya hp ðŸ˜¢,negatif
2195,ðŸ˜ðŸ˜ðŸ˜ðŸ˜ðŸ˜,netral
929,Untung aku anak seblak ðŸ¤£ðŸ¤£,positif
2096,HWA NGILER ONLINE ðŸ˜­ðŸ˜­ðŸ˜­,positif
2207,@sarawijayanto @diarymisterisara,positif
407,ayooo tiara liat ini @diarycewekindigo,positif
697,KOQ KALIAN MIRIP BGTSIII,positif
357,@stelaaelena silahkan kak,positif
1377,eh ada anak kecil @sopaayyyy â€¦.,positif
1812,Jawab ju @rrawlndr ðŸ¤£,netral
153,ðŸ˜ðŸ˜,positif
1590,@diarycewekindigo,netral
1566,ganteng bgt si abiðŸ˜˜ðŸ˜˜ðŸ˜˜ðŸ˜˜,positif
343,Karin udah nggak sama gangga ???,negatif
305,enake mba aku mau dong xixi,positif
1004,Dielus-elus euyyðŸ˜©,positif
612,@hermawanyudhisaputra,positif
2033,"Aku anak indihome, ga bs liat apa2ðŸ˜¢",positif
280,Deket rumah gw tuðŸ˜¢,positif
663,Tau tempat ini dari @diarymisterisara ðŸ˜ðŸ˜ðŸ˜,positif
1773,@tim_jurnalrisa mau coba kesinii gaa?,positif
882,@lailyhdyttt kalah kon mbek awkarin,negatif
1080,Abi cute,netral
400,yg terakhir auranya merinding bgt plsðŸ˜­ðŸ˜­,negatif
1596,Suka liatnyaðŸ˜»ðŸ˜»ðŸ˜»ðŸ˜½,positif
1497,Keren buat hunt,positif
468,Mirippp bgttt ðŸ˜,positif
1479,"Sumpah merinding bgt,  hadeeh... ðŸ˜¢ðŸ˜¢",negatif
1233,aduhhðŸ˜,negatif
1798,TAK COCOK:(!,negatif
1763,Karin love you,positif
1800,Woww gantenk,positif
2281,pusing bgt liatnya,negatif
504,@adityanofeb,positif
534,Kak di manado ya?? Mau titip pisang ambon,netral
1016,@pikacuwk,positif
1744,â¤ï¸â¤ï¸â¤ï¸,positif
903,sumpah yg kamar kiri ituu ngeriiðŸ˜®,negatif
1037,takooottt,negatif
1672,Meee,positif
1703,Aku sampe muaall si. Merinding bgt kan.. sama,negatif
550,Next Purwokerto dong RinðŸ˜–,positif
1862,aliiggg,negatif
889,ðŸ’›ðŸ’›,netral
1805,Y,netral
1324,Udah aku setuju sama yang ini mah .,positif
2269,Direply karin aku berenti nakal!!,positif
1130,Slide 8 ke berasa ada yang lagi berbaring ðŸ˜¢,negatif
945,ðŸ˜ðŸ˜ðŸ˜,positif
1594,r u guys dating?,netral
163,sereeemmmm ehh,negatif
1660,Mirip semoga jodoh,positif
1690,@ftrrmddd_,netral
336,Omg slide terakhir ðŸ˜¢,negatif
59,liatnya jadi pusinh,negatif
1118,Kleaan emg gemes,positif
2226,@ya.gian,positif
1077,"@nurulkharista suram, kyk...",negatif
1514,ðŸ–¤ðŸ–¤,positif
2165,Ppl,netral
449,Inii dimanaa kaak? ðŸ˜®,positif
855,â¤ï¸â¤ï¸â¤ï¸â¤ï¸,netral
2030,cocok ka,positif
2020,@sanino___ @meilaniel @rdyusufks,positif
2181,ludcuuuuuuðŸ˜,positif
1532,Mantaaaabppssss ka karinðŸŽ‰,positif
1847,Gak tau ya kenapa aku liat nya jd pusing,positif
1963,@tim_jurnalrisa @risa_saraswati,positif
1850,MAN CAKEP BAT,positif
437,kerennnðŸ˜­,positif
1694,Benar banget kaksðŸ‘,positif
1587,Mas abiiiii ðŸ’™,netral
1314,mas abi kecolok jepit...,negatif
1397,@tim_jurnalrisa @risa_saraswati,netral
786,Jadi kangen Jogja dehðŸ˜¥,positif
873,Nah ini calon biniðŸ¤£,positif
739,â¤ï¸â¤ï¸â¤ï¸,positif
819,Yang buat shooting diarymisterisara gak sih,positif
1243,I see ðŸ”¥,positif
1457,Cobain gacoan kaa,positif
1006,aku anak indomie ðŸ˜”,netral
1844,â¤ï¸â¤ï¸,positif
586,Aku melihat tanda2 akhir bulan,negatif
1306,Keren bgt tempat nya @awkarin,positif
941,Turun dri situ pasti degdeganðŸ¤£,negatif
348,cobaain ayokkssss @ismun2510_,positif
2085,Slide terakhir tempat para rame ituðŸ˜‚ðŸ˜‚,netral
1028,ðŸ˜ðŸ˜ðŸ˜ðŸ˜,netral
1163,buruan ke jogjaaa!!! @nadyaaans @anandamatory,positif
2109,CantikkðŸ˜ðŸ˜ðŸ˜,positif
463,ðŸ˜ðŸ˜ðŸ˜ðŸ˜ðŸ˜,netral
1231,Burem mataku ðŸ˜‚,negatif
1160,@ikha_rustikasari yang ini bukan beng?,netral
2230,@nandiyata,netral
1541,Main kebumen kakðŸ¤—,positif
653,lucuuu,positif
573,@tim_jurnalrisa harus kesini niðŸ‘ðŸ‘ðŸ‘,positif
1992,Mirip bgt sumpah dahhâ¤ï¸â¤ï¸â¤ï¸,positif
647,Aku pikir lukisan ðŸ˜,positif
595,Sayang mau @hhallohh,positif
890,Kaki 4 ada ka ? ðŸ˜‚,netral
1251,â¤ï¸â¤ï¸â¤ï¸â¤ï¸â¤ï¸â¤ï¸â¤ï¸â¤ï¸â¤ï¸,positif
1558,dipojok ada dodi,netral
1308,seremmm,negatif
470,Juaraaaaa pokoknya ðŸ¤¤,positif
800,knp kita ga kesini @laohlaohlaoh,positif
281,Spill sendalnya donk rin @awkarin,positif
932,Yanda @bengbross,positif
732,"Lg icip"" menu yg pas buat prasmanan nanti""",netral
2102,pusing liatnya ðŸ˜¢,negatif
1144,Bsk mam sini @yuniamalindasari,positif
1617,Kok mirip yaaðŸ˜,positif
2061,semakin geser slide semakin ngewriii vibesnya,negatif
584,mual sm pusing banget yuyurrrr:(,negatif
160,ðŸ˜ðŸ˜,positif
1111,Ini pernah di yt nya sara wijayanto,positif
1915,Aura nya gaenak bgt dingin,negatif
859,Kok nyesek dan engap gitu ya pas liat,negatif
952,di tunggu vlog nya karinn,positif
2106,"OMG ,, bnyk penampakan,,",negatif
1331,Pengen lagi kan @kssfa,positif
1219,HmmmðŸ˜,positif
1215,Pgn kesini lgii @rzkadwi_,positif
606,ðŸ–¤ðŸ–¤,netral
164,Liat ftonya juga takut apalagi aslinya,negatif
1040,@wulan.rmdh2 tau rungðŸ˜‚,positif
1978,rin ayok makan bareng,positif
2208,yauds ok,positif
329,Hai anak jogja @windyanggun @sri_rejeki0300,positif
2011,Segannn ðŸ”¥ðŸ”¥ðŸ”¥,positif
2221,dms pernah kesini ni,positif
1429,@tim_jurnalrisa @risa_saraswati,positif
2133,Malem malem seru nih kesitu.....,positif
809,Mau kesini @bernadmaeso,positif
433,Mirip ka ihh,positif
1107,Merinding sh iniii,negatif
860,Ayo siniðŸ˜‚ðŸ˜‚ðŸ˜‚ @febriantoandreas32,positif
274,Mas abi mba karinnðŸ˜ðŸ˜ðŸ˜,positif
967,Ini ada di youtubenya sara wijayanto kan?,netral
2275,Kerasa si vibes vibes seremnya,negatif
1346,â¤â¤â¤,netral
885,pernah dipake shooting teh sara wijayanto,positif
556,@delianarsmwt HAYU JOGJAðŸ˜­,positif
908,"aduh deket bgt sama rumah , ko ga mampir si ðŸ˜‚",positif
1381,yasss gue mau ngerasain rin ðŸ™Œâ¤ï¸,positif
509,OUTFIT CANTIK2 start from 35rb ajaâœ¨âœ¨,positif
221,You are like an angel falling from a tileâœ¨âœ¨,positif
1297,slide terakhirðŸ˜–,netral
146,Kak Ayuk kesini @melatikusumaw,positif
1777,@keanuagl  ngapain wak ??,netral
1053,"Anak indomie, keknya gabisa ""liat"""" lainnyaðŸ˜¢""",negatif
1822,Anak indomie diam saja sambil menikmati,negatif
508,Iya sayang iya,positif
323,ðŸ˜ðŸ˜ðŸ˜ðŸ˜,netral
1561,Bener karinnðŸ˜­,positif
176,"Mual, pusing banget liatnya â˜¹ï¸ðŸ˜¢",negatif
1908,makin keren aja kontennya huhuðŸ¤ŸðŸ¤ŸðŸ¤Ÿ,positif
168,Ih cukul sekarang jadi terkenal @riaaaaih,positif
1400,@rimarimput tuh ayo,positif
1392,Anak indomie juga ga paham ginian :(,netral
136,kok boleh di dokumentasiin?,positif
1470,Huhhhh ko seremm,negatif
1278,â¤ï¸â¤ï¸â¤ï¸,netral
1973,UnchhhðŸ˜,positif
894,ðŸ˜,netral
197,Ini akpol ka juga??7 hahaha @ainunnptrya,netral
1483,UhwaaðŸ˜,netral
1792,Slide trkhrrrr lgsg merinding bgtttttttttt,negatif
2084,Rumah ku deket tempat e pak Pong,positif
767,Kyuuudyâ¤ï¸,positif
2081,Lbih nikmat angkrgn GPU kk,positif
1112,ðŸ˜ðŸ˜ðŸ˜,positif
2227,Paketnya termasuk supir?,netral
865,"Merinding,",negatif
1085,â¤â¤â¤â¤â¤â¤â¤,netral
1447,Pernah nonton ini di @diarymisterisara,positif
199,Baca donggs @winterthiiings @cutiefiy,positif
429,@nadaaindrnti Liat apo kau mba,positif
1823,Mirip gasih,positif
1795,Gangga bwt gw ya rin ðŸ˜†ðŸ˜†,netral
1970,Eh ko mirip yak,positif
730,Cobain @teddy_handoko,positif
297,"Slide ke 8, daet bgt horornya",negatif
2121,Ka KarinðŸ”¥,positif
807,lengket terus yaðŸ˜,netral
1565,Keanu mau dindinpadinding,netral
1172,ðŸ˜ðŸ˜,netral
2197,ajg gemes masa,positif
2203,Engap,negatif
821,Lokasi ini @diarymisterisara prnah kunjungi,positif
1241,Slide akhir sereeemmmm,negatif
1563,Sumi,netral
2191,uwuwww,positif
623,Mantra-mantra Jogja.,positif
1445,"software instagramnya kak, cek @bezcorp",netral
1718,Udah pernah di tayangin di @diarymisterisara,netral
1162,eyy sikarin ngebucin huwowowowo ðŸ˜,negatif
1640,ðŸ”¥,positif
2201,rumah pocong,netral
1022,Pusing pas abis geser ke slide brikutðŸ¥²,negatif
1750,Sayang kalean lah pokok nyaðŸ’•,positif
291,PanutanquuuueðŸ”¥ðŸ”¥ðŸ”¥,positif
2022,malam ini zara jugaa makan satee ðŸ˜‚,positif
1740,Kenapa di slide terakhir ðŸ˜¢,netral
1007,@dendiperdana_ ksini ya brou nnti,positif
67,DMS dah pernah kesiniðŸ”¥,positif
24,nunggu satenya brp jam kakðŸ¤£ðŸ‘ŽðŸ»,negatif
216,2020 SAHH â¤ï¸,positif
1910,Aku melihat tanda2 gajian masih lamaðŸ˜¢,negatif
1153,IshhðŸ’™ðŸ’™,negatif
166,â¤ï¸â¤ï¸â¤ï¸â¤ï¸,positif
207,Penasarannn pengen datengðŸ”¥ðŸ”¥ðŸ˜,positif
2089,Pusing langsung ya allahðŸ˜­,negatif
591,sosweettâ¤ï¸â¤ï¸,positif
1176,ðŸ’œðŸ’œ,netral
1720,Langsung agak gimana gtu,netral
1863,Slide terakhir mantap,positif
525,lgsg merinding liatnyaðŸ˜¢,negatif
469,pernah nonton di diarymisetrisara,positif
1350,Kenapa ga malem aja fotonyaðŸ™ˆ,netral
1531,Ikut penelusuran jurnalrisa dong rinðŸ˜,positif
928,ini tuh waktu sama kak @eri.carl,netral
1896,ðŸ˜ðŸ˜ðŸ˜,netral
1619,@bentarsamoa,positif
1469,@dillanggraini__  gass gak siii,positif
1141,Semuka,positif
1913,Horornya kerasa banget,negatif
956,Makasih kak,positif
1488,mas abiii,netral
25,cantik kali awkarinðŸ”¥ @awkarin,positif
1134,Karin berani bgtðŸ‘ðŸ‘,positif
925,@ttnaaulrhyuuuu gunakan kemampuanmuðŸ˜‚,positif
1552,ðŸ’œðŸ’œðŸ’œðŸ’œðŸ’œ,netral
843,Wihhh asikkk juga tuhðŸ˜,positif
1645,idola akuhðŸ˜˜ðŸ˜˜ðŸ˜˜,positif
1020,ðŸ˜,netral
749,MantapðŸ˜,positif
180,ðŸ˜,netral
1272,sesek napas liatnya,negatif
1434,LutunyaaaaðŸ˜ðŸ˜ðŸ˜,positif
607,Kukira tadi tulisannya TTTerapi ðŸ˜‚ðŸ˜‚,netral
1352,Gas rabi kakkkðŸ™‚,positif
1904,ðŸ˜,netral
1899,@makaylavanik iki van?,positif
94,b aja,negatif
770,ðŸ’›ðŸ’›,positif
637,â¤ï¸â¤ï¸â¤ï¸,negatif
1304,Duuuhhhhh... Banyak banget ituuuuðŸ‘»ðŸ’€â˜ ï¸ðŸ‘½,negatif
1208,"Kok kepala ku pusing, merinding dan muallll",negatif
1395,@hafizh.koeswara mau keisniðŸ˜­,positif
1578,Mirip bgttt yaampunn,positif
1198,Emang ini itu enak bgt guysðŸ˜­ðŸ˜­ðŸ˜­ðŸ‘,positif
275,Cocok ðŸ˜,positif
1152,Kayaknya fix sih inikðŸ˜­ðŸ˜­,positif
1206,Kayak malaikan gila ðŸ’—ðŸ˜ðŸ˜ðŸ˜ cantik total,positif
2080,bagus juga buat spot potoo,positif
1104,@tim_jurnalrisa wajib siiii,positif
307,@tim_jurnalrisa,netral
2059,Fiks besok botak,netral
872,envy,positif
86,Arti pesannya apa ?,netral
1435,Ini mah ga cuman poci isinya ðŸ˜‚,negatif
209,mauu makan bareng sama kak karinnðŸ˜­,positif
1966,Ksniiii yuk ðŸ¤£ @deenishh @mirahildaa,positif
1987,Cute bangetðŸ˜©ðŸ˜,positif
2171,ðŸ˜ðŸ˜ðŸ˜ðŸ˜,positif
931,Cek di yutub nya diary misteri sara,positif
2146,@tim_jurnalrisa,positif
130,@tim_jurnalrisa,positif
1723,Kapan karin ke jogja ðŸ˜­ðŸ˜­ @awkarin,positif
2071,Suka bangett,positif
954,kesini yuk @papichulooo_06,positif
555,Gua suka vibes tempatnya ðŸ˜,positif
1930,ðŸ‘,positif
1536,Siape tu yang lagi bertapa di foto ðŸ¤£akhir,netral
201,Makin cantik deh @awkarin Jd iri,positif
2023,Gw kira katrina kaif ðŸ˜‚,netral
368,CocokðŸ˜€â™¥ï¸ðŸ‘,positif
973,ðŸ’–,positif
1634,@mualifahvivin92 ehm,positif
816,netflixnya ka buat nonton azab!ðŸ˜˜,netral
1954,â¤ï¸â¤ï¸,netral
1316,ðŸ˜â™¥ï¸â™¥ï¸â™¥ï¸,netral
1905,Karin itu belakang kamu siapa namanya,netral
256,ðŸ˜ðŸ”¥ðŸ”¥,positif
1472,Aw rindu jogjaa,positif
1699,Bentar gw tahu wisata ini. ðŸ˜‚ Rumah pocong,positif
2217,Duh ka karinðŸ˜ðŸ˜,positif
1605,@cristinaclaudiaa katong su coba ee sis,positif
1329,Gaboleh next lagi!!!!!!! ðŸ™ŒðŸ˜,positif
560,banyak bgt disitu ðŸ˜³,negatif
1877,Demi apa murah2 bngt,positif
373,@roffi_wong ðŸ¤­,netral
1684,ðŸ˜®ðŸ˜®,negatif
1167,@novandwicahya_,positif
2024,"Maaf, mak adi masih yg paling enak ðŸ™",positif
1204,banyakkk yaaa:(((,positif
972,gangga?,netral
1155,kek lokasi syuting perempuan tanah jahanam ðŸ˜®,positif
2036,Awal tahun dimulai dg yg manis,positif
2274,Ehhh nongol di slide terakhir,negatif
1071,alhamdulillah wis tau ðŸ–ðŸ»ðŸ–ðŸ»,positif
774,ðŸ£ðŸŒˆ,positif
324,Mantuul,positif
84,buchin 2 ðŸ˜‚,negatif
1589,Kita nunggu 2 jam ya genggssðŸ˜‚ðŸ˜‚ @gizelarmeina,netral
1920,â¤ï¸,positif
91,kangen jogja :(,positif
430,Tau tau,positif
2105,hahahahaancorrrr ):,negatif
1345,Knp lewat di tl gue jam segini sih?!,positif
257,Serambi ya bor ðŸ˜®,netral
888,Cie jadian,netral
1466,Mantep,positif
1641,aku mau giveaway permasalahan hidup,negatif
388,ðŸ™ŒðŸ¼â¤ï¸â¤ï¸,positif
273,ðŸ˜ðŸ˜ðŸ˜ðŸ˜ðŸ˜,positif
756,slide tiga tbtb merinding bgt asli,negatif
1925,Sereem ðŸ˜–,negatif
1956,Cantik kak,positif
2267,Nasi kucing ðŸ˜º,positif
2176,â¤ï¸â¤ï¸â¤ï¸,positif
802,@tim_jurnalrisa,netral
2076,LuuuucuuðŸ˜,positif
1207,link bit.ly/pendekar99,netral
151,Mukanya miripðŸ˜­,positif
714,Sesek bgt liat slide awal2,negatif
544,Rinn spill bajunya doonggg,netral
639,ðŸ˜ðŸ˜ðŸ˜,positif
423,@tim_jurnalrisa,positif
659,Ganteng ih pacar nya,positif
797,Mirip,positif
2283,dipinggir jalan malioboro kaaaakk,positif
2008,Yukk kesini MbaksdinsðŸ˜‚ @saifunadini,positif
99,kan makannnðŸ˜‚,netral
1871,Kerasa bgt merindingnya sampe sini ðŸ˜‚,negatif
2046,Sabi ning @tim_jurnalrisa Kesiniii yuyuyu,positif
755,Di @diarymisterisara adaaaa,positif
976,Rumah pocong kah,positif
2163,"Ke cimahi kak, y ginian banyak",positif
1940,ðŸ˜,netral
2120,Yg stay jogja brani ga @tamlvly_ @faiizal_id,positif
537,Di tunggu kbr bahagia nyaðŸ˜…,positif
1701,Tp lantainya bersih,positif
2222,Deket rumah ku itu rin...,positif
2135,Kangen yogya banget banget.,positif
705,ðŸ˜â¤ï¸â¤ï¸,netral
1828,Si Jenius kuâ¤ï¸ðŸ˜,positif
1778,â¤ï¸â¤ï¸â¤ï¸,netral
277,@muhammad_togi,positif
1033,ðŸ˜±ðŸ˜±ðŸ˜±,netral
1731,Abis ngeliat bawaanya mual yak,negatif
763,"Awas ka ketiban genteng,@awkarin",negatif
835,Bagus banget body nya..ðŸ˜ðŸ˜,positif
1653,@milkqisyy,positif
